SrcIP,SrcPort,DstIP,DstPort,Proto,FlowDuration,FlowPktsPerSec,FlowBytesPerSec,FlowIATMean,PktLenMean,Label
192.168.50.8,59261,4.2.2.4,53,17,3.250000,17.750000,24.750000,1.500000,6.140625,1
192.168.50.8,59641,23.194.108.16,443,6,14.012329,8.987671,16.987671,11.008789,7.611328,1
172.217.12.130,443,192.168.50.8,59631,6,17.001190,7.998810,8.998810,11.110352,8.504883,1
192.168.50.8,55642,4.2.2.4,53,17,3.625000,17.375000,24.375000,2.000000,6.328125,1
192.168.50.8,59628,74.208.236.171,80,6,15.002106,6.997894,12.997894,12.002197,5.968750,1
192.168.50.6,64422,8.8.8.8,53,17,4.312500,16.687500,23.687500,2.750000,6.140625,1
192.168.50.6,54802,172.217.10.65,443,6,25.000002,254.000000,3.999999,21.000080,5.718750,1
192.168.50.6,54893,52.85.90.206,443,6,17.001053,7.998947,12.998947,12.061523,6.791016,1
192.168.50.6,62514,4.2.2.4,53,17,4.187500,16.812500,23.812500,2.500000,6.156250,1
192.168.50.6,54868,172.217.9.230,443,6,27.000000,255.000000,4.000000,30.000000,5.988281,1
172.16.0.5,52312,192.168.50.4,15789,6,17.000076,4.999924,10.999924,14.013428,5.875000,1
23.194.108.16,443,192.168.50.8,59638,6,15.003174,8.996834,15.996826,11.031738,8.649414,1
172.217.12.193,443,192.168.50.6,54857,6,17.001587,6.998413,12.998413,12.023682,8.017578,1
192.168.50.8,64063,4.2.2.4,53,17,7.460938,13.539062,20.539062,5.937500,6.312500,1
192.168.50.8,56056,4.2.2.4,53,17,3.625000,17.375000,24.375000,2.000000,6.437500,1
192.168.50.6,54909,74.208.236.171,80,6,22.000025,0.999974,6.999974,18.000874,5.421875,1
192.168.50.8,62834,4.2.2.4,53,17,3.750000,17.250000,24.250000,2.000000,6.234375,1
192.168.50.6,54897,74.208.236.171,80,6,3.250000,17.750000,23.750000,1.500000,6.031250,1
192.168.50.6,61444,4.2.2.4,53,17,5.500000,15.500000,21.500000,4.000000,6.046875,1
192.168.50.6,54918,172.217.10.228,443,6,26.000002,255.000000,4.999998,20.000114,7.152344,1
192.168.50.6,53166,8.8.8.8,53,17,3.500000,17.500000,24.500000,2.000000,6.437500,1
192.168.50.8,59607,172.217.12.193,443,6,27.000000,255.000000,0.999999,30.000000,6.706055,1
192.168.50.3,5353,224.0.0.251,5353,17,3.000000,17.000122,24.000000,3.000000,6.359375,1
172.217.10.226,443,192.168.50.6,54911,6,26.000002,255.000000,2.999999,20.000038,8.137207,1
192.168.50.6,53900,4.2.2.4,53,17,5.000000,16.000000,23.000000,3.250000,6.140625,1
192.168.50.8,59624,74.208.236.171,80,6,4.375000,16.625000,22.625000,2.750000,6.031250,1
192.168.50.8,53345,4.2.2.4,53,17,5.000000,16.000000,23.000000,3.250000,6.234375,1
192.168.50.6,54825,74.208.236.171,80,6,3.375000,17.625000,23.625000,1.500000,6.031250,1
52.85.90.206,443,192.168.50.6,54893,6,16.003189,7.996811,13.996811,12.050293,8.254883,1
192.168.50.8,52807,4.2.2.4,53,17,4.625000,16.375000,23.375000,3.000000,6.203125,1
192.168.50.6,49475,4.2.2.4,53,17,3.625000,17.375000,24.375000,2.000000,6.328125,1
192.168.50.6,63871,4.2.2.4,53,17,3.250000,17.750000,24.750000,1.500000,6.156250,1
192.168.50.8,62421,4.2.2.4,53,17,3.750000,17.250000,24.250000,2.000000,6.359375,1
172.217.11.6,443,192.168.50.8,59637,6,16.000275,7.999725,14.999725,12.046143,6.826172,1
192.168.50.6,63653,4.2.2.4,53,17,3.375000,17.625000,24.625000,1.500000,6.250000,1
192.168.50.6,54838,74.208.236.171,80,6,18.000195,5.999805,10.999805,13.027344,7.043945,1
192.168.50.6,53212,4.2.2.4,53,17,3.375000,17.625000,24.625000,1.500000,6.265625,1
192.168.50.6,61996,4.2.2.4,53,17,5.250000,15.750000,22.750000,3.625000,6.328125,1
192.168.50.6,54878,52.85.89.250,443,6,26.000004,256.000000,3.999997,29.000000,7.443115,1
192.168.50.6,62005,4.2.2.4,53,17,3.250000,17.750000,24.750000,1.500000,6.093750,1
192.168.50.6,54898,74.208.236.171,80,6,3.250000,17.750000,23.750000,1.500000,6.031250,1
52.85.90.206,443,192.168.50.6,54892,6,26.000004,255.000000,4.999997,21.000113,7.641113,1
192.168.50.8,53017,4.2.2.4,53,17,3.375000,17.625000,24.625000,1.500000,6.296875,1
72.21.91.29,80,192.168.50.8,59616,6,26.000000,255.000000,4.000000,30.000000,7.017578,1
192.168.50.6,54826,74.208.236.171,80,6,3.250000,17.750000,23.750000,1.500000,6.031250,1
192.168.50.6,54908,74.208.236.171,80,6,22.000006,0.999994,6.999994,18.000916,5.421875,1
192.168.50.8,64535,4.2.2.4,53,17,3.250000,17.750000,24.750000,1.500000,6.359375,1
172.217.10.228,443,192.168.50.6,54918,6,26.000002,255.000000,2.999998,21.000051,7.461426,1
192.168.50.8,60023,4.2.2.4,53,17,7.000000,14.000000,21.000000,5.312500,6.375000,1
192.168.50.6,61205,4.2.2.4,53,17,3.500000,17.500000,24.500000,2.000000,6.312500,1
172.16.0.5,56993,192.168.50.4,52094,6,16.000229,5.999771,11.999771,14.009033,5.875000,1
52.85.89.250,443,192.168.50.6,54879,6,26.000000,0.000002,2.000000,29.000000,8.471558,1
192.168.50.4,38306,54.187.144.104,443,6,25.000006,256.000000,4.999994,19.000013,7.152344,1
54.243.214.170,443,192.168.50.6,54865,6,26.000002,0.999999,4.999998,28.000000,9.142014,1
192.168.50.6,55278,8.8.8.8,53,17,5.125000,15.875000,22.875000,3.500000,6.156250,1
192.168.50.8,59595,74.208.236.171,80,6,23.000021,1.999978,7.999978,18.000641,5.855469,1
192.168.50.6,54914,172.217.10.226,443,6,26.000004,1.999997,1.999998,18.000313,7.847321,1
192.168.50.6,62297,4.2.2.4,53,17,3.625000,17.375000,23.375000,2.000000,6.046875,1
192.168.50.6,54805,172.217.9.238,80,6,15.001251,6.998749,12.998749,12.001221,5.875000,1
192.168.50.6,54814,74.208.236.171,80,6,19.000231,5.999769,10.999769,14.014954,6.804688,1
192.168.50.6,54866,72.167.239.239,80,6,16.001678,7.998322,14.998322,11.015625,6.802734,1
192.168.50.8,64612,4.2.2.4,53,17,3.000000,18.000000,25.000000,1.000000,6.140625,1
172.16.0.5,51314,192.168.50.4,52849,6,16.000092,5.999908,11.999908,14.008972,5.875000,1
192.168.50.8,59599,172.217.9.226,443,6,27.000002,255.000000,3.999999,30.000000,6.591797,1
192.168.50.6,54822,72.21.91.29,80,6,27.000002,255.000000,1.999998,30.000000,6.504883,1
172.217.9.226,443,192.168.50.8,59599,6,27.000002,255.000000,3.999998,28.000000,7.573975,1
192.168.50.6,54917,172.217.10.67,443,6,26.000002,255.000000,3.999998,21.000118,6.506836,1
192.168.50.6,55971,4.2.2.4,53,17,3.250000,17.750000,24.750000,1.500000,6.250000,1
192.168.50.6,50362,4.2.2.4,53,17,3.375000,17.625000,24.625000,1.500000,6.390625,1
192.168.50.8,51666,4.2.2.4,53,17,4.750000,16.250000,23.250000,3.125000,6.390625,1
192.168.50.8,59617,192.168.10.50,21,6,23.000021,255.999985,5.999979,19.000296,5.515625,1
172.217.9.226,443,192.168.50.6,54859,6,17.001732,6.998268,11.998268,12.060059,8.021484,1
192.168.50.6,49363,4.2.2.4,53,17,4.500000,16.500000,23.500000,3.000000,6.328125,1
172.217.10.67,443,192.168.50.6,54917,6,26.000002,255.000000,2.999998,21.000099,8.504883,1
192.168.50.6,52858,4.2.2.4,53,17,5.625000,15.375000,22.375000,4.062500,6.250000,1
192.168.50.8,55186,4.2.2.4,53,17,3.250000,17.750000,24.750000,1.500000,6.140625,1
192.168.50.6,63336,4.2.2.4,53,17,3.250000,17.750000,24.750000,1.500000,6.140625,1
74.208.236.171,80,192.168.50.6,54888,6,19.000475,5.999525,11.999525,14.009460,9.380493,1
192.168.50.6,63128,4.2.2.4,53,17,3.125000,17.875000,24.875000,1.500000,6.390625,1
192.168.50.8,59200,4.2.2.4,53,17,3.125000,17.875000,24.875000,1.500000,6.328125,1
192.168.50.6,54896,74.208.236.171,80,6,3.250000,17.750000,23.750000,1.500000,6.031250,1
192.168.50.8,59608,172.217.9.226,443,6,27.000002,256.000000,3.999999,29.000000,7.490540,1
172.217.12.206,80,192.168.50.6,54851,6,26.000000,256.000000,5.000000,29.000000,6.896484,1
192.168.50.6,54916,172.217.9.234,443,6,26.000002,255.000000,4.999999,21.000065,6.377930,1
192.168.50.6,60513,4.2.2.4,53,17,5.187500,15.812500,22.812500,3.500000,6.250000,1
192.168.50.8,59634,172.217.6.225,443,6,18.000534,6.999466,11.999466,12.041504,7.267578,1
192.168.50.8,55777,4.2.2.4,53,17,3.750000,17.250000,24.250000,2.000000,6.328125,1
192.168.50.8,64358,4.2.2.4,53,17,4.687500,16.312500,23.312500,3.125000,6.375000,1
192.168.50.8,59629,172.217.10.226,80,6,18.000397,5.999603,12.999603,14.013489,6.769531,1
172.217.11.6,443,192.168.50.6,54919,6,26.000000,255.000000,5.000000,21.000050,8.505127,1
192.168.50.6,49363,8.8.8.8,53,17,4.687500,16.312500,23.312500,3.125000,6.328125,1
192.168.50.6,50197,4.2.2.4,53,17,4.562500,16.437500,23.437500,3.000000,6.140625,1
192.168.50.8,50816,4.2.2.4,53,17,5.593750,15.406250,22.406250,4.062500,6.156250,1
192.168.50.6,55012,4.2.2.4,53,17,3.250000,17.750000,24.750000,1.500000,6.140625,1
192.168.50.6,53313,4.2.2.4,53,17,4.187500,16.812500,23.812500,2.500000,6.187500,1
192.168.50.8,52621,4.2.2.4,53,17,3.500000,17.500000,24.500000,2.000000,6.312500,1
192.168.50.8,61172,4.2.2.4,53,17,3.125000,17.875000,24.875000,1.500000,6.156250,1
173.194.208.109,465,192.168.50.8,59594,6,20.000042,5.999959,7.999958,14.000305,7.537720,1
172.217.9.234,443,192.168.50.6,54916,6,26.000004,255.000000,3.999996,21.000103,7.653809,1
192.168.50.8,59630,74.208.236.171,80,6,15.007355,6.992645,12.992645,12.043945,5.968750,1
172.16.0.5,30500,192.168.50.4,22,6,23.000008,2.999993,6.999993,17.000824,6.890137,1
172.16.0.5,59576,192.168.50.4,22,6,20.000175,3.999825,9.999825,15.001923,5.660156,1
192.168.50.6,54901,74.208.236.171,80,6,3.250000,17.750000,23.750000,1.500000,6.031250,1
192.168.50.8,50310,4.2.2.4,53,17,7.265625,13.734375,20.734375,5.687500,6.156250,1
192.168.50.8,64820,4.2.2.4,53,17,3.625000,17.375000,24.375000,2.000000,6.140625,1
172.217.12.193,443,192.168.50.6,54858,6,27.000000,254.000000,4.000000,29.000000,7.517578,1
172.16.0.5,41077,192.168.50.4,8930,6,17.000679,4.999321,10.999321,14.009705,5.875000,1
192.168.50.8,52983,4.2.2.4,53,17,28.000000,250.000000,0.999999,30.000000,6.351562,1
192.168.50.8,59596,74.208.236.171,80,6,22.000034,0.999966,6.999966,18.000557,5.421875,1
192.168.50.8,58076,4.2.2.4,53,17,5.781250,15.218750,22.218750,4.187500,6.312500,1
192.168.50.6,63203,8.8.8.8,53,17,3.500000,17.500000,24.500000,2.000000,6.859375,1
172.217.12.206,80,192.168.50.6,54862,6,26.000004,255.000000,3.999997,29.000000,7.030273,1
192.168.50.6,54855,172.217.9.226,443,6,17.001495,7.998505,12.998505,12.044434,6.758789,1
192.168.50.8,57360,4.2.2.4,53,17,5.187500,15.812500,22.812500,3.500000,6.359375,1
192.168.50.6,54902,74.208.236.171,80,6,3.250000,17.750000,23.750000,1.500000,6.031250,1
172.217.10.226,80,192.168.50.6,54910,6,22.000053,255.999954,5.999947,19.000198,5.968750,1
192.168.50.6,53406,4.2.2.4,53,17,3.250000,17.750000,24.750000,1.500000,6.328125,1
192.168.50.6,62858,4.2.2.4,53,17,3.250000,17.750000,24.750000,1.500000,6.140625,1
172.16.0.5,41860,192.168.50.4,55489,6,16.002243,5.997757,11.997757,13.029297,5.875000,1
192.168.50.6,54840,74.208.236.171,80,6,4.375000,16.625000,22.625000,2.750000,6.031250,1
192.168.50.8,55876,4.2.2.4,53,17,4.500000,16.500000,23.500000,3.000000,6.390625,1
192.168.50.6,63981,4.2.2.4,53,17,5.156250,15.843750,22.843750,3.500000,6.296875,1
192.168.50.6,64399,4.2.2.4,53,17,4.625000,16.375000,23.375000,3.000000,6.109375,1
192.168.50.6,54799,172.217.10.98,443,6,25.000006,254.000000,3.999995,21.000118,5.718750,1
192.168.50.8,56051,4.2.2.4,53,17,3.500000,17.500000,24.500000,2.000000,6.296875,1
172.217.3.106,443,192.168.50.8,59601,6,27.000002,255.000000,3.999999,28.000000,7.500488,1
192.168.50.8,59620,74.208.236.171,80,6,20.000147,3.999853,10.999853,16.000122,6.771484,1
172.217.12.164,443,192.168.50.8,59636,6,17.000473,7.999527,13.999527,11.034180,7.254395,1
172.217.9.226,443,192.168.50.8,59597,6,27.000000,255.000000,4.000000,29.000000,7.627197,1
172.217.10.226,80,192.168.50.8,59629,6,18.000381,4.999619,12.999619,14.010803,7.089844,1
192.168.50.6,55346,4.2.2.4,53,17,3.875000,17.125000,24.125000,2.250000,6.250000,1
192.168.50.8,52444,4.2.2.4,53,17,7.304688,13.695312,20.695312,5.718750,6.156250,1
192.168.50.6,61879,8.8.8.8,53,17,3.625000,17.375000,24.375000,2.000000,6.265625,1
192.168.50.6,54865,54.243.214.170,443,6,26.000002,0.999998,3.999998,29.000000,7.724854,1
192.168.50.6,52966,8.8.8.8,53,17,7.234375,13.765625,20.765625,5.625000,6.312500,1
172.16.0.5,41077,192.168.50.4,5982,6,16.001495,5.998505,11.998505,13.006104,5.875000,1
192.168.50.8,64177,4.2.2.4,53,17,6.546875,14.453125,21.453125,5.031250,6.265625,1
172.217.197.154,443,192.168.50.9,60096,6,6.203125,16.796875,22.796875,2.750000,5.546875,1
192.168.50.6,61879,4.2.2.4,53,17,4.375000,17.625000,24.625000,1.500000,6.265625,1
172.16.0.5,45814,192.168.50.4,34534,6,16.001175,5.998825,11.998825,14.002869,5.875000,1
192.168.50.8,58889,4.2.2.4,53,17,3.375000,17.625000,24.625000,1.500000,6.078125,1
192.168.50.8,64554,4.2.2.4,53,17,7.000000,14.000000,21.000000,5.312500,6.312500,1
192.168.50.8,138,192.168.50.255,138,17,7.796875,16.203125,23.203125,2.750000,7.023438,1
192.168.50.6,54656,4.2.2.4,53,17,3.375000,17.625000,24.625000,1.500000,6.296875,1
192.168.50.6,49944,4.2.2.4,53,17,3.375000,17.625000,24.625000,1.500000,6.343750,1
192.168.50.6,54830,74.208.236.171,80,6,3.375000,17.625000,23.625000,1.500000,6.031250,1
192.168.50.8,61859,4.2.2.4,53,17,5.312500,15.687500,22.687500,3.750000,6.312500,1
192.168.50.8,62298,4.2.2.4,53,17,3.250000,17.750000,24.750000,1.500000,6.156250,1
192.168.50.6,54911,172.217.10.226,443,6,26.000002,255.000000,4.999997,20.000031,7.012695,1
172.16.0.5,40861,192.168.50.4,4808,6,17.000938,4.999062,10.999062,14.001038,5.875000,1
192.168.50.6,63821,4.2.2.4,53,17,3.250000,17.750000,24.750000,1.500000,6.109375,1
192.168.50.6,61122,4.2.2.4,53,17,3.125000,17.875000,24.875000,1.500000,6.265625,1
172.16.0.5,41860,192.168.50.4,9889,6,16.003647,5.996353,11.996353,13.030884,5.875000,1
172.16.0.5,517,192.168.50.4,5431,6,4.625000,16.375000,22.375000,3.000000,5.875000,1
172.217.3.100,443,192.168.50.6,54864,6,27.000002,256.000000,3.999999,28.000000,6.792725,1
192.168.50.6,63064,8.8.8.8,53,17,5.531250,15.468750,22.468750,4.000000,6.328125,1
172.217.3.106,443,192.168.50.6,54884,6,27.000000,255.000000,4.000000,30.000000,7.906616,1
192.168.50.6,51518,4.2.2.4,53,17,3.250000,17.750000,24.750000,1.500000,6.312500,1
192.168.50.6,54895,74.208.236.171,80,6,5.218750,15.781250,21.781250,3.625000,6.031250,1
192.168.50.8,65283,4.2.2.4,53,17,3.250000,17.750000,24.750000,1.500000,6.250000,1
172.16.0.5,44193,192.168.50.4,32186,6,17.000664,4.999336,10.999336,14.009644,5.875000,1
192.168.50.6,58119,4.2.2.4,53,17,5.500000,15.500000,22.500000,4.000000,6.343750,1
172.217.9.226,80,192.168.50.6,54848,6,22.000008,256.000000,5.999992,19.000008,5.968750,1
74.208.236.171,80,192.168.50.8,59630,6,7.187500,13.812500,19.812500,5.562500,6.031250,1
192.168.50.6,54808,192.168.10.50,21,6,23.000011,255.999985,5.999989,19.000193,5.515625,1
192.168.50.4,22,172.16.0.5,51703,6,21.000082,3.999918,5.999918,16.001694,7.136230,1
192.168.50.6,60695,4.2.2.4,53,17,3.750000,17.250000,23.250000,2.000000,6.046875,1
74.208.236.171,80,192.168.50.6,54905,6,15.005676,7.994324,13.994324,12.020996,5.953125,1
172.16.0.5,17369,192.168.50.4,22,6,23.000027,2.999974,6.999974,17.000763,6.890137,1
192.168.50.6,58484,4.2.2.4,53,17,5.468750,15.531250,22.531250,3.875000,6.390625,1
192.168.50.6,54869,172.217.9.230,443,6,27.000002,256.000000,2.999999,29.000000,6.755859,1
192.168.50.6,54804,172.217.12.206,443,6,25.000002,254.000000,3.999999,21.000034,5.718750,1
192.168.50.6,50937,4.2.2.4,53,17,3.500000,17.500000,24.500000,2.000000,6.437500,1
192.168.50.6,57622,4.2.2.4,53,17,3.250000,17.750000,24.750000,1.500000,6.281250,1
192.168.50.6,58407,4.2.2.4,53,17,3.625000,17.375000,24.375000,2.000000,6.328125,1
192.168.50.6,50158,4.2.2.4,53,17,3.125000,17.875000,24.875000,1.500000,6.328125,1
192.168.50.9,42207,4.2.2.4,53,17,8.261719,16.738281,22.738281,3.000000,5.820312,1
192.168.50.6,59889,4.2.2.4,53,17,3.625000,17.375000,24.375000,2.000000,6.171875,1
72.21.91.29,80,192.168.50.6,54822,6,27.000000,255.000000,4.000000,30.000000,6.645508,1
192.168.50.4,22,172.16.0.5,31151,6,23.000000,3.000000,6.000000,17.000076,6.819824,1
192.168.50.6,56701,4.2.2.4,53,17,5.281250,15.718750,21.718750,3.625000,6.031250,1
192.168.50.8,60944,4.2.2.4,53,17,3.250000,17.750000,24.750000,1.500000,6.359375,1
192.168.50.8,59597,172.217.9.226,443,6,27.000000,255.000000,2.999999,30.000000,6.631836,1
192.168.50.6,62301,4.2.2.4,53,17,5.125000,15.875000,22.875000,3.500000,6.312500,1
192.168.50.8,59601,172.217.3.106,443,6,27.000000,255.000000,2.000000,30.000000,6.386230,1
192.168.50.6,59349,4.2.2.4,53,17,3.625000,17.375000,24.375000,2.000000,6.437500,1
172.217.12.206,80,192.168.50.6,54863,6,22.000015,255.999985,5.999984,19.000017,5.968750,1
172.217.9.226,443,192.168.50.8,59608,6,27.000002,256.000000,2.999999,27.000000,8.976883,1
172.217.9.238,80,192.168.50.6,54805,6,3.500000,17.500000,23.500000,2.000000,5.875000,1
172.16.0.5,51292,192.168.50.4,22,6,23.000006,1.999994,5.999994,17.000496,7.135254,1
192.168.50.8,49687,4.2.2.4,53,17,3.000000,18.000000,25.000000,1.000000,6.312500,1
192.168.50.8,52232,4.2.2.4,53,17,7.281250,13.718750,20.718750,5.687500,6.156250,1
192.168.50.6,52725,8.8.8.8,53,17,5.187500,15.812500,22.812500,3.500000,6.312500,1
192.168.50.8,50301,4.2.2.4,53,17,4.625000,17.375000,24.375000,1.500000,6.437500,1
192.168.50.9,60096,172.217.197.154,443,6,15.004211,7.995789,14.995789,11.004395,6.082031,1
192.168.50.6,50051,4.2.2.4,53,17,4.000000,17.000000,24.000000,2.250000,6.140625,1
192.168.50.6,53344,8.8.8.8,53,17,5.218750,15.781250,22.781250,3.625000,6.453125,1
192.168.50.6,51528,8.8.8.8,53,17,6.750000,14.250000,21.250000,5.156250,6.328125,1
192.168.50.6,58690,4.2.2.4,53,17,4.062500,16.937500,23.937500,2.250000,6.187500,1
192.168.50.6,51724,4.2.2.4,53,17,3.875000,17.125000,24.125000,2.250000,6.312500,1
192.168.50.8,60931,239.255.255.250,1900,17,22.000046,3.999953,6.999953,15.004944,7.312988,1
192.168.50.6,51314,4.2.2.4,53,17,3.500000,17.500000,24.500000,2.000000,6.187500,1
192.168.50.6,55466,4.2.2.4,53,17,5.687500,15.312500,22.312500,4.125000,6.328125,1
192.168.50.6,54907,74.208.236.171,80,6,22.000010,0.999990,6.999990,18.000854,5.421875,1
172.16.0.5,51703,192.168.50.4,22,6,22.000027,2.999974,6.999974,16.001282,7.139160,1
192.168.50.6,52725,4.2.2.4,53,17,3.500000,17.500000,24.500000,2.000000,6.312500,1
172.16.0.5,41077,192.168.50.4,9740,6,16.002029,5.997971,11.997971,13.024536,5.875000,1
192.168.50.6,58704,4.2.2.4,53,17,6.156250,15.843750,22.843750,3.250000,6.125000,1
192.168.50.6,58222,4.2.2.4,53,17,3.500000,17.500000,24.500000,2.000000,6.375000,1
192.168.50.8,59633,172.217.10.226,443,6,19.000071,6.999929,11.999929,13.014404,7.630859,1
192.168.50.8,58926,4.2.2.4,53,17,6.781250,14.218750,21.218750,5.187500,6.281250,1
192.168.50.6,52929,4.2.2.4,53,17,3.625000,17.375000,24.375000,2.000000,6.359375,1
172.16.0.5,11041,192.168.50.4,1433,6,4.187500,16.812500,22.812500,2.500000,5.875000,1
192.168.50.8,54112,4.2.2.4,53,17,3.875000,17.125000,24.125000,2.250000,6.328125,1
52.85.89.250,443,192.168.50.6,54878,6,26.000000,256.000000,3.999999,29.000000,8.568970,1
74.208.236.171,80,192.168.50.6,54838,6,17.000534,6.999474,10.999466,13.026489,8.392334,1
52.85.90.206,443,192.168.50.8,59604,6,16.001404,7.998596,13.998596,11.005859,8.266113,1
192.168.50.6,57985,8.8.8.8,53,17,3.875000,17.125000,24.125000,2.250000,6.359375,1
192.168.50.8,59145,4.2.2.4,53,17,3.250000,17.750000,24.750000,1.500000,6.187500,1
192.168.50.8,64766,4.2.2.4,53,17,3.875000,17.125000,24.125000,2.250000,6.328125,1
54.187.144.104,443,192.168.50.4,38306,6,25.000000,256.000000,5.999999,20.000151,8.262939,1
35.158.163.158,443,192.168.50.9,57658,6,5.531250,16.468750,22.468750,2.750000,6.031250,1
192.168.50.8,61667,4.2.2.4,53,17,3.250000,17.750000,24.750000,1.500000,6.265625,1
192.168.50.6,54803,172.217.7.2,443,6,25.000006,254.000000,3.999995,21.000074,5.718750,1
192.168.50.6,51765,8.8.8.8,53,17,6.734375,14.265625,21.265625,5.156250,6.187500,1
192.168.50.6,64624,8.8.8.8,53,17,3.250000,17.750000,24.750000,1.500000,6.265625,1
192.168.50.8,53267,4.2.2.4,53,17,5.062500,15.937500,22.937500,3.375000,6.453125,1
192.168.50.8,56121,4.2.2.4,53,17,3.250000,17.750000,24.750000,1.500000,6.281250,1
192.168.50.6,62285,4.2.2.4,53,17,3.125000,17.875000,24.875000,1.500000,6.218750,1
192.168.50.8,59625,74.208.236.171,80,6,15.001617,6.998383,12.998383,12.001709,5.968750,1
192.168.50.6,63782,4.2.2.4,53,17,5.531250,15.468750,21.468750,4.000000,6.031250,1
52.85.89.250,443,192.168.50.6,54881,6,26.000004,256.000000,4.999997,29.000000,8.567871,1
192.168.50.6,54857,172.217.12.193,443,6,18.000164,6.999836,11.999836,12.040283,6.758789,1
192.168.50.8,59606,54.192.53.175,443,6,26.000002,256.000000,2.999999,29.000000,6.718262,1
192.168.50.6,56815,4.2.2.4,53,17,3.875000,17.125000,24.125000,2.250000,6.171875,1
192.168.50.8,55292,4.2.2.4,53,17,4.812500,16.187500,23.187500,3.125000,6.312500,1
172.16.0.5,41077,192.168.50.4,1903,6,16.001266,5.998734,11.998734,13.028198,5.875000,1
172.16.0.5,42392,192.168.50.4,22972,6,17.000656,4.999344,10.999344,14.002930,5.875000,1
172.16.0.5,44432,192.168.50.4,46290,6,16.003723,5.996277,11.996277,13.013184,5.875000,1
192.168.50.6,59208,4.2.2.4,53,17,3.625000,17.375000,24.375000,2.000000,6.343750,1
192.168.50.6,53852,4.2.2.4,53,17,4.000000,17.000000,24.000000,2.250000,6.171875,1
192.168.50.6,53708,4.2.2.4,53,17,4.250000,16.750000,23.750000,2.500000,6.390625,1
192.168.50.6,51348,4.2.2.4,53,17,3.625000,17.375000,24.375000,2.000000,6.203125,1
192.168.50.4,37024,8.8.8.8,53,17,4.875000,18.125000,24.125000,1.000000,6.519531,1
192.168.50.6,60510,4.2.2.4,53,17,4.750000,16.250000,23.250000,3.125000,6.203125,1
192.168.50.8,64360,4.2.2.4,53,17,5.125000,15.875000,22.875000,3.500000,6.140625,1
192.168.50.8,53684,4.2.2.4,53,17,3.250000,17.750000,24.750000,1.500000,6.156250,1
192.168.50.6,54905,74.208.236.171,80,6,16.000107,7.999893,14.999893,12.016357,6.855469,1
192.168.50.6,50512,4.2.2.4,53,17,3.250000,17.750000,24.750000,1.500000,6.296875,1
192.168.50.8,49759,4.2.2.4,53,17,6.437500,14.562500,21.562500,4.875000,6.359375,1
52.39.131.77,443,192.168.50.6,54819,6,25.000006,256.000000,5.999995,20.000095,7.276367,1
52.88.72.192,443,192.168.50.8,59615,6,25.000004,256.000000,5.999997,20.000206,7.259277,1
192.168.50.6,54899,74.208.236.171,80,6,3.250000,17.750000,23.750000,1.500000,6.031250,1
192.168.50.6,58119,8.8.8.8,53,17,5.625000,15.375000,22.375000,4.062500,6.343750,1
192.168.50.6,60512,4.2.2.4,53,17,5.812500,15.187500,22.187500,4.187500,6.187500,1
172.217.10.226,443,192.168.50.6,54915,6,17.000092,6.999916,13.999908,12.055908,8.154541,1
192.168.50.8,64555,4.2.2.4,53,17,3.125000,17.875000,24.875000,1.500000,6.359375,1
192.168.50.6,54842,172.217.12.163,443,6,3.250000,17.750000,23.750000,1.500000,6.031250,1
192.168.50.8,63848,4.2.2.4,53,17,3.125000,17.875000,24.875000,1.500000,6.296875,1
172.217.10.226,443,192.168.50.8,59632,6,17.000771,7.999229,13.999229,11.086426,8.375244,1
192.168.50.9,57658,35.158.163.158,443,6,16.000961,6.999039,13.999039,12.000977,6.082031,1
172.217.9.230,443,192.168.50.6,54868,6,27.000002,254.000000,3.999998,29.000000,8.388916,1
192.168.50.6,54886,52.34.248.21,443,6,26.000002,0.000000,3.999999,31.000000,8.408386,1
192.168.50.6,54832,74.208.236.171,80,6,3.250000,17.750000,23.750000,1.500000,6.031250,1
192.168.50.6,61790,4.2.2.4,53,17,4.000000,17.000000,23.000000,2.250000,6.046875,1
192.168.50.8,59604,52.85.90.206,443,6,16.003723,8.996277,13.996277,11.124512,6.791016,1
192.168.50.6,50197,8.8.8.8,53,17,5.593750,15.406250,22.406250,4.062500,6.140625,1
192.168.50.6,55971,8.8.8.8,53,17,4.000000,17.000000,24.000000,2.250000,6.250000,1
192.168.50.8,56531,4.2.2.4,53,17,3.250000,17.750000,24.750000,1.500000,6.250000,1
192.168.50.6,59354,4.2.2.4,53,17,3.250000,17.750000,24.750000,1.500000,6.312500,1
192.168.50.8,58785,4.2.2.4,53,17,3.250000,17.750000,24.750000,1.500000,6.250000,1
192.168.50.8,59619,74.208.236.171,80,6,20.000114,4.999887,8.999887,15.000092,6.892578,1
192.168.50.6,61210,4.2.2.4,53,17,3.375000,17.625000,24.625000,1.500000,6.140625,1
192.168.50.6,55847,4.2.2.4,53,17,28.000000,250.000000,0.999999,30.000000,6.273438,1
192.168.50.6,63742,4.2.2.4,53,17,3.625000,17.375000,24.375000,2.000000,6.328125,1
192.168.50.6,50362,8.8.8.8,53,17,5.312500,15.687500,22.687500,3.750000,6.390625,1
192.168.50.6,54867,172.217.6.234,443,6,27.000000,255.000000,3.999999,30.000000,6.704102,1
192.168.50.6,54821,72.21.91.29,80,6,26.000002,256.000000,4.999999,30.000000,5.841797,1
192.168.50.6,58992,4.2.2.4,53,17,3.500000,17.500000,24.500000,2.000000,6.312500,1
192.168.50.6,53885,4.2.2.4,53,17,3.500000,17.500000,24.500000,2.000000,6.359375,1
192.168.50.8,59612,172.217.10.138,443,6,27.000002,255.000000,255.000000,30.000000,6.778320,1
23.194.108.16,443,192.168.50.8,59641,6,3.500000,17.500000,23.500000,2.000000,6.031250,1
0.0.0.0,68,255.255.255.255,67,17,28.000000,255.000000,3.000000,31.000000,7.976746,1
192.168.50.8,59593,192.168.10.50,21,6,23.000019,255.999985,5.999981,19.000204,5.515625,1
192.168.50.6,51765,4.2.2.4,53,17,3.375000,17.625000,24.625000,1.500000,6.187500,1
74.208.236.171,80,192.168.50.6,54845,6,22.000011,255.999985,5.999988,19.000292,5.968750,1
192.168.50.8,59640,23.194.108.16,443,6,15.000336,8.999664,15.999664,11.013184,6.830078,1
172.16.0.5,31151,192.168.50.4,22,6,23.000017,1.999982,5.999982,17.001190,7.251465,1
192.168.50.6,51640,4.2.2.4,53,17,3.500000,17.500000,24.500000,2.000000,6.328125,1
172.217.9.226,80,192.168.50.8,59598,6,22.000048,255.999954,5.999951,19.000195,5.968750,1
192.168.50.6,63587,4.2.2.4,53,17,3.375000,17.625000,24.625000,1.500000,6.281250,1
172.16.0.5,41860,192.168.50.4,8988,6,16.003571,5.996429,11.996429,13.012939,5.875000,1
74.208.236.171,80,192.168.50.6,54844,6,22.000029,255.999969,5.999972,19.000172,5.968750,1
192.168.50.9,48208,52.28.108.167,443,6,16.003220,6.996780,13.996780,12.015869,6.082031,1
192.168.50.8,59618,173.194.204.109,465,6,20.000088,5.999911,9.999911,14.010742,6.772461,1
192.168.50.8,58177,4.2.2.4,53,17,3.875000,17.125000,24.125000,2.250000,6.328125,1
192.168.50.6,54910,172.217.10.226,80,6,22.000051,0.999949,6.999949,18.000965,5.421875,1
192.168.50.6,61531,4.2.2.4,53,17,3.000000,18.000000,25.000000,1.000000,6.187500,1
192.168.50.6,57745,4.2.2.4,53,17,3.625000,17.375000,23.375000,2.000000,6.046875,1
93.184.216.180,443,192.168.50.9,41488,6,8.683594,14.316406,20.316406,5.218750,5.734375,1
172.217.10.226,443,192.168.50.6,54912,6,26.000004,255.000000,2.999996,20.000032,8.126465,1
192.168.50.4,37024,4.2.2.4,53,17,6.968750,17.031250,23.031250,2.250000,6.519531,1
192.168.50.6,58153,4.2.2.4,53,17,3.375000,17.625000,24.625000,1.500000,6.859375,1
192.168.50.8,53808,4.2.2.4,53,17,3.750000,17.250000,24.250000,2.000000,6.375000,1
192.168.50.8,53354,4.2.2.4,53,17,7.125000,13.875000,20.875000,5.500000,6.265625,1
192.168.50.6,54834,74.208.236.171,80,6,3.375000,17.625000,23.625000,1.500000,6.031250,1
192.168.50.8,60750,4.2.2.4,53,17,3.875000,17.125000,24.125000,2.250000,6.234375,1
31.13.71.2,443,192.168.50.6,54875,6,27.000002,254.000000,0.999999,29.000000,8.006348,1
192.168.50.8,62338,4.2.2.4,53,17,3.500000,17.500000,24.500000,2.000000,6.359375,1
192.168.50.6,53212,8.8.8.8,53,17,3.500000,17.500000,24.500000,2.000000,6.265625,1
192.168.50.6,54919,172.217.11.6,443,6,26.000000,255.000000,5.000000,21.000120,7.272949,1
74.208.236.171,80,192.168.50.8,59628,6,6.875000,14.125000,20.125000,5.250000,6.031250,1
192.168.50.6,59109,4.2.2.4,53,17,5.000000,16.000000,23.000000,3.250000,6.296875,1
72.167.239.239,80,192.168.50.6,54866,6,16.001175,7.998833,10.998825,11.096680,8.631836,1
172.217.12.206,80,192.168.50.8,59613,6,26.000004,255.000000,4.999996,29.000000,6.131836,1
192.168.50.6,54874,172.217.12.162,443,6,5.000000,16.000000,22.000000,3.250000,6.031250,1
192.168.50.6,54892,52.85.90.206,443,6,26.000000,255.000000,5.000000,21.000103,6.410156,1
192.168.50.8,59631,172.217.12.130,443,6,17.000923,8.999077,12.999077,10.218750,6.525391,1
192.168.50.8,65282,4.2.2.4,53,17,3.125000,17.875000,24.875000,1.500000,6.250000,1
172.217.9.226,443,192.168.50.6,54856,6,17.001259,6.998741,11.998741,12.005127,8.021973,1
192.168.50.8,62093,4.2.2.4,53,17,3.250000,17.750000,24.750000,1.500000,6.359375,1
192.168.50.6,54560,54.213.45.184,443,6,5.031250,15.968750,21.968750,3.375000,5.875000,1
74.208.236.171,80,192.168.50.8,59619,6,20.000103,4.999897,9.999897,15.004272,9.753845,1
23.63.78.40,80,192.168.50.6,54815,6,27.000000,255.000000,255.000000,30.000000,6.625977,1
192.168.50.6,61997,4.2.2.4,53,17,5.156250,15.843750,22.843750,3.500000,6.140625,1
192.168.50.8,58070,4.2.2.4,53,17,3.375000,17.625000,24.625000,1.500000,6.140625,1
192.168.50.6,64807,4.2.2.4,53,17,3.625000,17.375000,24.375000,2.000000,6.328125,1
192.168.50.8,55151,4.2.2.4,53,17,3.375000,17.625000,24.625000,1.500000,6.140625,1
192.168.50.6,54887,192.168.10.50,22,6,23.000021,255.999985,5.999979,19.000074,5.515625,1
192.168.50.6,56385,4.2.2.4,53,17,4.187500,17.812500,24.812500,1.000000,6.140625,1
192.168.50.6,53807,4.2.2.4,53,17,3.375000,17.625000,24.625000,1.500000,6.156250,1
192.168.50.6,52533,4.2.2.4,53,17,4.187500,16.812500,23.812500,2.500000,6.359375,1
192.168.50.8,56122,4.2.2.4,53,17,4.312500,16.687500,23.687500,2.750000,6.312500,1
172.217.12.193,443,192.168.50.8,59607,6,27.000000,255.000000,4.000000,29.000000,7.941406,1
192.168.50.6,54875,31.13.71.2,443,6,27.000000,255.000000,3.999999,30.000000,6.836914,1
192.168.50.6,50183,4.2.2.4,53,17,3.125000,17.875000,24.875000,1.500000,6.234375,1
172.217.12.206,80,192.168.50.6,54860,6,26.000000,255.000000,3.999999,29.000000,7.030273,1
192.168.50.6,54906,74.208.236.171,80,6,22.000050,0.999950,6.999950,18.000961,5.421875,1
172.217.10.226,443,192.168.50.8,59633,6,19.000345,5.999659,10.999655,13.022705,7.439941,1
192.168.50.6,53822,4.2.2.4,53,17,5.093750,15.906250,22.906250,3.375000,6.140625,1
192.168.50.6,54871,172.217.9.230,443,6,17.000450,7.999550,12.999550,12.022705,6.758789,1
192.168.50.6,54818,74.208.236.171,80,6,18.000298,5.999702,12.999702,14.008423,6.871094,1
52.85.89.250,443,192.168.50.6,54876,6,26.000004,0.999997,4.999997,28.000000,9.485565,1
74.208.236.171,80,192.168.50.6,54818,6,18.000397,4.999603,10.999603,15.003113,5.953125,1
192.168.50.8,51083,4.2.2.4,53,17,3.250000,17.750000,24.750000,1.500000,6.250000,1
192.168.50.6,54828,74.208.236.171,80,6,3.250000,17.750000,23.750000,1.500000,6.031250,1
192.168.50.9,49082,173.194.204.109,465,6,20.000019,5.999980,9.999980,14.006042,6.832520,1
172.16.0.5,56370,192.168.50.4,3119,6,4.437500,16.562500,22.562500,2.750000,5.875000,1
192.168.50.6,53166,4.2.2.4,53,17,4.062500,16.937500,23.937500,2.250000,6.437500,1
172.217.10.66,443,192.168.50.8,59639,6,15.001068,7.998932,15.998932,11.117676,9.002930,1
192.168.50.6,51694,8.8.8.8,53,17,3.500000,17.500000,24.500000,2.000000,6.140625,1
192.168.50.8,59611,172.217.12.162,443,6,27.000000,255.000000,2.999999,30.000000,6.690430,1
192.168.50.6,62014,4.2.2.4,53,17,3.250000,17.750000,24.750000,1.500000,6.671875,1
192.168.50.6,60667,4.2.2.4,53,17,3.125000,17.875000,24.875000,1.500000,6.156250,1
192.168.50.8,59011,4.2.2.4,53,17,3.500000,17.500000,24.500000,2.000000,6.328125,1
192.168.50.6,57985,4.2.2.4,53,17,3.125000,17.875000,24.875000,1.500000,6.359375,1
192.168.50.8,53461,4.2.2.4,53,17,4.625000,16.375000,23.375000,3.000000,6.343750,1
192.168.50.8,54224,4.2.2.4,53,17,4.187500,16.812500,23.812500,2.500000,6.375000,1
192.168.50.6,62285,8.8.8.8,53,17,3.375000,17.625000,24.625000,1.500000,6.218750,1
192.168.50.8,49985,4.2.2.4,53,17,3.250000,17.750000,24.750000,1.500000,6.437500,1
192.168.50.8,63860,4.2.2.4,53,17,3.250000,17.750000,24.750000,1.500000,6.359375,1
192.168.50.6,62013,4.2.2.4,53,17,6.046875,14.953125,21.953125,4.375000,6.406250,1
192.168.50.6,54359,4.2.2.4,53,17,3.625000,17.375000,24.375000,2.000000,6.156250,1
23.194.108.16,443,192.168.50.8,59640,6,15.000946,8.999054,13.999054,11.043945,9.506348,1
192.168.50.4,22,172.16.0.5,29835,6,23.000006,2.999994,5.999994,16.002396,6.841309,1
74.208.236.171,80,192.168.50.6,54814,6,19.000267,5.999733,11.999733,13.003662,9.254517,1
172.16.0.5,43769,192.168.50.4,4786,6,6.984375,14.015625,20.015625,5.312500,5.875000,1
192.168.50.8,54600,4.2.2.4,53,17,7.640625,13.359375,20.359375,6.093750,6.250000,1
192.168.50.6,54856,172.217.9.226,443,6,18.000950,6.999050,11.999050,12.025391,6.758789,1
192.168.50.3,0,192.168.50.4,0,1,29.000000,1.000000,2.000000,31.000000,6.945736,1
192.168.50.6,54824,74.208.236.171,80,6,3.375000,17.625000,23.625000,1.500000,6.031250,1
192.168.50.8,64858,4.2.2.4,53,17,3.250000,17.750000,24.750000,1.500000,6.203125,1
192.168.50.6,63064,4.2.2.4,53,17,5.656250,15.343750,22.343750,4.062500,6.328125,1
192.168.50.8,52093,4.2.2.4,53,17,3.625000,17.375000,24.375000,2.000000,6.343750,1
192.168.50.6,54854,172.217.9.226,443,6,17.001793,7.998207,12.998207,12.027100,6.758789,1
192.168.50.6,60510,8.8.8.8,53,17,4.937500,16.062500,23.062500,3.250000,6.203125,1
192.168.50.4,22,172.16.0.5,30500,6,23.000008,2.999993,6.999993,16.003021,6.754395,1
74.208.236.171,80,192.168.50.6,54908,6,22.000055,255.999939,5.999944,19.000273,5.968750,1
192.168.50.6,54833,74.208.236.171,80,6,3.375000,17.625000,23.625000,1.500000,6.031250,1
192.168.50.6,64767,4.2.2.4,53,17,7.781250,13.218750,20.218750,6.187500,6.328125,1
192.168.50.6,54958,4.2.2.4,53,17,3.250000,17.750000,24.750000,1.500000,6.109375,1
192.168.50.6,54912,172.217.10.226,443,6,26.000004,255.000000,4.999997,20.000027,7.013184,1
192.168.50.6,54870,172.217.9.230,443,6,3.500000,17.500000,23.500000,2.000000,6.031250,1
192.168.50.6,50107,4.2.2.4,53,17,5.031250,15.968750,22.968750,3.375000,6.234375,1
192.168.50.6,61829,4.2.2.4,53,17,4.312500,16.687500,23.687500,2.750000,6.234375,1
192.168.50.6,54844,74.208.236.171,80,6,22.000023,0.999977,6.999977,18.000088,5.421875,1
54.192.55.39,443,192.168.50.9,37652,6,8.226562,13.773438,19.773438,5.375000,6.031250,1
192.168.50.6,60391,4.2.2.4,53,17,5.750000,15.250000,22.250000,4.125000,6.265625,1
192.0.73.2,80,192.168.50.6,54836,6,24.000010,255.999985,6.999990,20.000151,7.277344,1
192.168.50.6,52780,4.2.2.4,53,17,3.375000,17.625000,24.625000,1.500000,6.265625,1
192.168.50.6,64422,4.2.2.4,53,17,6.062500,14.937500,21.937500,4.375000,6.140625,1
192.168.50.6,61322,4.2.2.4,53,17,3.375000,17.625000,24.625000,1.500000,6.109375,1
172.217.12.206,80,192.168.50.6,54852,6,26.000002,256.000000,4.999999,29.000000,6.963379,1
192.168.50.8,50492,4.2.2.4,53,17,3.875000,17.125000,24.125000,2.250000,6.343750,1
192.168.50.6,56385,8.8.8.8,53,17,5.031250,15.968750,22.968750,3.375000,6.140625,1
192.168.50.6,54827,74.208.236.171,80,6,3.500000,17.500000,23.500000,2.000000,6.031250,1
192.168.50.8,63312,4.2.2.4,53,17,4.187500,16.812500,23.812500,2.500000,6.343750,1
192.168.50.6,58992,8.8.8.8,53,17,4.187500,16.812500,23.812500,2.500000,6.312500,1
192.168.50.8,57493,4.2.2.4,53,17,3.750000,17.250000,24.250000,2.000000,6.359375,1
172.217.9.226,443,192.168.50.8,59600,6,27.000000,255.000000,4.000000,29.000000,7.698242,1
172.16.0.5,16054,192.168.50.4,22,6,23.000000,3.000000,7.000000,17.000908,6.884277,1
192.168.50.8,61393,4.2.2.4,53,17,4.187500,16.812500,23.812500,2.500000,6.359375,1
172.217.9.226,443,192.168.50.6,54853,6,27.000000,2.000000,3.000000,25.000004,8.832336,1
192.168.50.6,64539,4.2.2.4,53,17,3.500000,17.500000,24.500000,2.000000,6.265625,1
192.168.50.6,54860,172.217.12.206,80,6,26.000002,256.000000,4.999998,30.000000,5.833984,1
192.168.50.8,63944,4.2.2.4,53,17,3.500000,17.500000,24.500000,2.000000,6.437500,1
192.168.50.9,46830,192.168.10.50,22,6,25.000000,255.000000,5.000000,21.000004,6.261719,1
192.168.51.20,138,192.168.51.255,138,17,5.062500,15.937500,23.937500,3.375000,8.021484,1
192.168.50.6,62406,4.2.2.4,53,17,3.750000,17.250000,24.250000,2.000000,6.109375,1
192.168.50.6,54879,52.85.89.250,443,6,26.000002,256.000000,4.999998,29.000000,7.388916,1
192.168.50.8,59383,4.2.2.4,53,17,3.875000,17.125000,24.125000,2.250000,6.156250,1
192.168.50.6,61805,4.2.2.4,53,17,6.546875,14.453125,21.453125,5.031250,6.296875,1
172.217.10.226,443,192.168.50.6,54914,6,26.000004,1.999997,3.999997,18.000671,9.375557,1
192.168.50.8,60360,4.2.2.4,53,17,3.500000,17.500000,24.500000,2.000000,6.328125,1
192.168.50.8,59642,204.154.111.108,443,6,14.009216,8.990784,16.990784,11.029297,7.611328,1
192.168.50.8,51821,4.2.2.4,53,17,3.625000,17.375000,24.375000,2.000000,6.390625,1
192.168.50.8,59772,4.2.2.4,53,17,7.882812,13.117188,20.117188,6.250000,6.156250,1
192.168.50.6,65011,4.2.2.4,53,17,3.250000,17.750000,24.750000,1.500000,6.109375,1
72.21.91.29,80,192.168.50.6,54821,6,26.000004,255.000000,3.999996,29.000000,7.017578,1
192.168.50.6,59348,4.2.2.4,53,17,5.000000,16.000000,23.000000,3.250000,6.187500,1
192.168.50.8,61916,4.2.2.4,53,17,3.125000,17.875000,24.875000,1.500000,6.140625,1
172.217.12.206,80,192.168.50.6,54885,6,26.000002,255.000000,4.999997,31.000000,6.131836,1
192.168.50.6,52765,4.2.2.4,53,17,3.125000,17.875000,24.875000,1.500000,6.359375,1
192.168.50.6,56497,4.2.2.4,53,17,3.250000,17.750000,24.750000,1.500000,6.093750,1
192.168.50.6,54859,172.217.9.226,443,6,17.001564,7.998436,12.998436,12.049316,6.758789,1
192.168.50.8,64205,4.2.2.4,53,17,4.250000,16.750000,23.750000,2.500000,6.203125,1
52.28.108.167,443,192.168.50.9,48208,6,4.312500,17.687500,23.687500,1.500000,6.031250,1
192.168.50.8,60651,4.2.2.4,53,17,4.937500,16.062500,22.062500,3.250000,6.046875,1
192.168.50.8,59616,72.21.91.29,80,6,26.000002,256.000000,3.999998,30.000000,5.927734,1
172.16.0.5,46769,192.168.50.4,445,6,4.500000,16.500000,22.500000,3.000000,5.875000,1
192.168.50.8,51820,4.2.2.4,53,17,7.296875,13.703125,20.703125,5.718750,6.265625,1
172.16.0.5,29835,192.168.50.4,22,6,23.000013,2.999987,6.999987,17.001610,6.941895,1
192.168.50.9,42207,8.8.8.8,53,17,8.332031,15.667969,21.667969,4.062500,5.945312,1
192.168.50.6,61026,4.2.2.4,53,17,5.468750,15.531250,22.531250,3.875000,6.171875,1
192.168.50.6,52915,4.2.2.4,53,17,3.625000,17.375000,24.375000,2.000000,6.265625,1
192.168.50.8,60646,4.2.2.4,53,17,4.312500,16.687500,23.687500,2.750000,6.343750,1
192.168.50.6,61988,4.2.2.4,53,17,3.625000,17.375000,24.375000,2.000000,6.203125,1
192.168.50.6,54884,172.217.3.106,443,6,27.000000,255.000000,4.000000,30.000000,6.710449,1
172.16.0.5,27018,192.168.50.4,8888,6,3.750000,17.250000,23.250000,2.000000,5.875000,1
192.168.50.6,52188,4.2.2.4,53,17,3.125000,17.875000,24.875000,1.500000,6.359375,1
172.16.0.5,59346,192.168.50.4,22,6,17.001167,5.998833,11.998833,14.006531,5.609375,1
192.168.50.8,55951,4.2.2.4,53,17,3.625000,17.375000,24.375000,2.000000,6.234375,1
192.168.50.6,51528,4.2.2.4,53,17,4.062500,16.937500,23.937500,2.250000,6.328125,1
192.168.50.6,57346,4.2.2.4,53,17,3.250000,17.750000,24.750000,1.500000,6.203125,1
192.168.50.6,54836,192.0.73.2,80,6,24.000000,256.000000,7.000000,19.000252,6.048828,1
192.168.50.8,59600,172.217.9.226,443,6,27.000002,255.000000,2.999999,30.000000,6.631348,1
192.168.50.9,37652,54.192.55.39,443,6,15.000702,7.999298,14.999298,11.033691,6.082031,1
192.168.50.6,61602,4.2.2.4,53,17,5.062500,15.937500,22.937500,3.375000,6.125000,1
192.168.50.6,49229,4.2.2.4,53,17,4.562500,16.437500,23.437500,3.000000,6.265625,1
192.168.50.6,54839,74.208.236.171,80,6,17.000534,6.999466,11.999466,13.005249,7.035156,1
192.168.50.8,61889,4.2.2.4,53,17,3.000000,18.000000,25.000000,1.000000,6.203125,1
192.168.50.8,55174,4.2.2.4,53,17,3.125000,17.875000,24.875000,1.500000,6.265625,1
192.168.50.6,57821,4.2.2.4,53,17,3.250000,17.750000,24.750000,1.500000,6.156250,1
192.0.73.2,80,192.168.50.6,54837,6,24.000011,255.999985,6.999989,20.000151,7.285156,1
192.168.50.8,59638,23.194.108.16,443,6,15.005493,8.994507,15.994507,11.057129,6.830078,1
192.168.50.6,54843,74.208.236.171,80,6,5.031250,15.968750,21.968750,3.375000,6.031250,1
192.168.50.8,52762,4.2.2.4,53,17,4.062500,16.937500,23.937500,2.250000,6.187500,1
192.168.50.6,54849,172.217.9.226,443,6,27.000002,255.000000,2.999998,30.000000,6.637695,1
34.209.30.112,443,192.168.50.8,59555,6,28.000000,252.000000,3.000000,30.000000,6.007812,1
192.168.50.6,49934,4.2.2.4,53,17,4.000000,17.000000,24.000000,2.250000,6.203125,1
172.16.0.5,41263,192.168.50.4,63278,6,16.000412,5.999588,11.999588,14.013611,5.875000,1
74.208.236.171,80,192.168.50.8,59625,6,7.367188,13.632812,19.632812,5.812500,6.031250,1
192.168.50.6,60614,4.2.2.4,53,17,3.875000,17.125000,24.125000,2.250000,6.312500,1
192.168.50.6,61853,4.2.2.4,53,17,3.250000,17.750000,24.750000,1.500000,6.312500,1
192.168.50.6,58734,4.2.2.4,53,17,3.375000,17.625000,24.625000,1.500000,6.203125,1
192.168.50.6,54913,172.217.6.225,443,6,26.000002,255.000000,3.999999,21.000113,6.506836,1
192.168.50.6,64457,4.2.2.4,53,17,4.000000,17.000000,24.000000,2.250000,6.140625,1
74.208.236.171,80,192.168.50.8,59595,6,23.000008,1.999996,6.999992,18.000328,9.564575,1
172.16.0.5,52312,192.168.50.4,45389,6,17.001221,4.998779,10.998779,14.014771,5.875000,1
192.168.50.6,60928,4.2.2.4,53,17,3.250000,17.750000,24.750000,1.500000,6.203125,1
172.16.0.5,49463,192.168.50.4,43389,6,17.000679,4.999321,10.999321,14.000732,5.875000,1
172.16.0.5,41860,192.168.50.4,54589,6,16.003510,5.996490,11.996490,13.012939,5.875000,1
192.168.50.4,22,172.16.0.5,51292,6,23.000015,2.999985,6.999985,17.001587,7.688477,1
192.168.50.6,50237,4.2.2.4,53,17,3.250000,17.750000,24.750000,1.500000,6.312500,1
192.168.50.6,54704,4.2.2.4,53,17,4.687500,16.312500,23.312500,3.125000,6.140625,1
52.28.108.167,443,192.168.50.9,48200,6,5.875000,16.125000,22.125000,3.000000,6.031250,1
192.168.50.6,54880,52.85.89.250,443,6,26.000002,256.000000,3.999998,29.000000,7.504395,1
192.168.50.8,56770,4.2.2.4,53,17,3.875000,17.125000,24.125000,2.250000,6.390625,1
192.168.50.6,59109,8.8.8.8,53,17,5.062500,15.937500,22.937500,3.375000,6.296875,1
192.168.50.6,56925,4.2.2.4,53,17,3.500000,17.500000,24.500000,2.000000,6.265625,1
192.168.50.6,59219,4.2.2.4,53,17,3.625000,17.375000,24.375000,2.000000,6.156250,1
192.168.50.6,56974,4.2.2.4,53,17,4.437500,16.562500,23.562500,2.750000,6.187500,1
192.168.50.6,54347,4.2.2.4,53,17,3.250000,17.750000,24.750000,1.500000,6.125000,1
192.168.50.6,54863,172.217.12.206,80,6,22.000053,0.999946,6.999946,18.000835,5.421875,1
192.168.50.6,54820,34.213.240.161,443,6,28.000000,254.000000,3.000000,28.000000,7.130859,1
192.168.50.8,59626,172.217.10.67,443,6,6.406250,14.593750,20.593750,4.875000,6.031250,1
192.168.50.6,60752,4.2.2.4,53,17,4.500000,17.500000,24.500000,1.500000,6.328125,1
192.168.50.6,51694,4.2.2.4,53,17,5.437500,15.562500,22.562500,3.875000,6.140625,1
192.168.50.8,62370,4.2.2.4,53,17,3.625000,17.375000,24.375000,2.000000,6.281250,1
192.168.50.6,49752,4.2.2.4,53,17,3.375000,17.625000,24.625000,1.500000,6.343750,1
192.168.50.6,59413,8.8.8.8,53,17,4.187500,16.812500,23.812500,2.500000,6.171875,1
192.168.50.6,60341,8.8.8.8,53,17,3.625000,17.375000,24.375000,2.000000,6.359375,1
192.168.50.6,52265,4.2.2.4,53,17,3.375000,17.625000,24.625000,1.500000,6.312500,1
204.154.111.108,443,192.168.50.8,59642,6,3.125000,17.875000,23.875000,1.500000,5.937500,1
192.168.50.6,54801,172.217.10.98,443,6,25.000006,254.000000,3.999994,21.000076,5.718750,1
192.168.50.8,49641,4.2.2.4,53,17,3.000000,18.000000,25.000000,1.000000,6.156250,1
192.168.50.6,63408,4.2.2.4,53,17,4.250000,17.750000,24.750000,1.000000,6.171875,1
192.168.50.8,59639,172.217.10.66,443,6,16.001587,8.998413,14.998413,10.010742,8.262207,1
192.168.50.6,54858,172.217.12.193,443,6,27.000000,255.000000,4.000000,30.000000,5.988281,1
192.168.50.8,59615,52.88.72.192,443,6,25.000006,256.000000,3.999993,19.000221,7.155762,1
192.168.50.8,61128,4.2.2.4,53,17,7.398438,13.601562,20.601562,5.843750,6.109375,1
192.168.50.6,55740,4.2.2.4,53,17,4.375000,17.625000,24.625000,1.500000,6.390625,1
192.168.50.6,54815,23.63.78.40,80,6,27.000002,255.000000,3.999998,30.000000,5.542969,1
192.168.50.6,54845,74.208.236.171,80,6,22.000002,0.999997,6.999997,18.000782,5.421875,1
52.85.90.206,443,192.168.50.8,59605,6,27.000002,254.000000,256.000000,29.000000,7.570801,1
192.168.50.8,61573,4.2.2.4,53,17,5.406250,15.593750,22.593750,3.875000,6.156250,1
192.168.50.8,52859,4.2.2.4,53,17,3.250000,17.750000,24.750000,1.500000,6.140625,1
192.168.50.8,59598,172.217.9.226,80,6,22.000008,0.999992,6.999992,18.000008,5.421875,1
192.168.50.6,53815,4.2.2.4,53,17,3.875000,17.125000,24.125000,2.250000,6.375000,1
192.168.50.8,65324,4.2.2.4,53,17,3.375000,17.625000,24.625000,1.500000,6.312500,1
192.168.50.8,63829,4.2.2.4,53,17,3.125000,17.875000,24.875000,1.500000,6.328125,1
192.168.50.6,52308,4.2.2.4,53,17,3.750000,17.250000,24.250000,2.000000,6.203125,1
192.168.50.8,60713,4.2.2.4,53,17,3.000000,18.000000,25.000000,1.000000,6.453125,1
192.168.50.6,55038,8.8.8.8,53,17,3.500000,17.500000,24.500000,2.000000,6.359375,1
172.217.12.162,443,192.168.50.8,59611,6,27.000000,255.000000,4.000000,29.000000,7.729858,1
192.168.50.6,60341,4.2.2.4,53,17,3.875000,17.125000,24.125000,2.250000,6.359375,1
192.168.50.6,54841,172.217.12.163,443,6,3.750000,17.250000,23.250000,2.000000,6.031250,1
192.168.50.8,54056,4.2.2.4,53,17,4.812500,16.187500,23.187500,3.125000,6.343750,1
192.168.50.6,52915,8.8.8.8,53,17,3.875000,17.125000,24.125000,2.250000,6.265625,1
192.168.50.8,55101,4.2.2.4,53,17,3.250000,17.750000,24.750000,1.500000,6.250000,1
192.168.50.6,54888,74.208.236.171,80,6,19.000082,5.999918,10.999918,14.008728,6.683594,1
172.217.9.230,443,192.168.50.8,59610,6,27.000000,0.999999,2.999999,26.000002,9.688339,1
192.168.50.6,54889,74.208.236.171,80,6,19.000120,4.999880,11.999880,15.005035,6.853516,1
52.34.248.21,443,192.168.50.6,54886,6,26.000004,256.000000,4.999997,31.000000,7.384277,1
192.168.50.6,59208,8.8.8.8,53,17,3.625000,17.375000,24.375000,2.000000,6.343750,1
52.85.89.250,443,192.168.50.6,54877,6,26.000000,0.000001,4.999999,29.000000,8.663452,1
172.16.0.5,41077,192.168.50.4,7255,6,16.000946,5.999054,11.999054,13.014404,5.875000,1
192.168.50.6,54851,172.217.12.206,80,6,26.000002,256.000000,4.999997,29.000000,6.643555,1
192.168.50.6,64577,4.2.2.4,53,17,3.250000,17.750000,24.750000,1.500000,6.453125,1
192.168.50.9,46826,192.168.10.50,22,6,25.000008,255.000000,4.999992,21.000023,6.261719,1
192.168.50.8,54144,4.2.2.4,53,17,6.937500,14.062500,21.062500,5.281250,6.156250,1
192.168.50.6,54852,172.217.12.206,80,6,26.000002,256.000000,3.999998,29.000000,6.716797,1
192.168.50.6,58003,4.2.2.4,53,17,4.375000,16.625000,23.625000,2.750000,6.328125,1
192.168.50.8,59623,172.217.3.106,443,6,4.437500,16.562500,22.562500,2.750000,6.031250,1
192.168.50.9,41488,93.184.216.180,443,6,14.009949,9.990051,15.990051,10.212891,5.722656,1
192.168.50.6,54894,52.85.90.206,443,6,16.002228,7.997772,12.997772,12.005127,7.048828,1
192.168.50.8,59594,173.194.208.109,465,6,20.000095,5.999906,9.999906,14.009216,6.821777,1
192.168.50.6,54800,172.217.7.2,443,6,25.000002,254.000000,3.999998,21.000080,5.718750,1
192.168.50.8,61001,4.2.2.4,53,17,3.375000,17.625000,24.625000,1.500000,6.187500,1
172.217.9.226,443,192.168.50.6,54849,6,27.000000,255.000000,3.000000,28.000000,7.730957,1
192.168.50.6,54882,23.194.177.32,443,6,26.000002,0.999999,1.999999,29.000000,5.832520,1
192.168.50.8,60926,4.2.2.4,53,17,4.375000,17.625000,24.625000,1.500000,6.296875,1
192.168.50.6,52303,4.2.2.4,53,17,3.500000,17.500000,24.500000,2.000000,6.156250,1
74.208.236.171,80,192.168.50.6,54909,6,22.000050,255.999954,5.999949,19.000267,5.968750,1
192.168.50.6,58549,4.2.2.4,53,17,3.750000,17.250000,24.250000,2.000000,6.390625,1
192.168.50.6,63203,4.2.2.4,53,17,4.062500,16.937500,23.937500,2.250000,6.859375,1
192.168.50.6,55038,4.2.2.4,53,17,3.375000,17.625000,24.625000,1.500000,6.359375,1
192.168.50.4,22,172.16.0.5,59576,6,20.000164,3.999837,9.999837,15.004974,7.552734,1
23.194.108.29,443,192.168.50.9,37312,6,9.339844,13.660156,19.660156,6.328125,5.789062,1
192.168.50.6,56066,4.2.2.4,53,17,3.250000,17.750000,24.750000,1.500000,6.437500,1
192.168.50.8,56022,4.2.2.4,53,17,6.093750,14.906250,21.906250,4.437500,6.156250,1
192.168.50.8,60484,4.2.2.4,53,17,3.375000,17.625000,24.625000,1.500000,6.234375,1
192.168.50.8,59613,172.217.12.206,80,6,26.000000,256.000000,3.999999,29.000000,5.984375,1
172.217.6.225,443,192.168.50.8,59634,6,17.000839,6.999161,13.999161,12.006592,6.568359,1
192.168.50.6,63336,8.8.8.8,53,17,6.312500,14.687500,21.687500,4.750000,6.140625,1
172.217.9.226,443,192.168.50.6,54854,6,17.001884,6.998116,11.998116,12.005859,8.021484,1
192.168.50.8,53546,4.2.2.4,53,17,5.562500,16.437500,23.437500,2.750000,6.234375,1
192.168.50.6,54837,192.0.73.2,80,6,24.000000,256.000000,7.000000,19.000252,6.048828,1
192.168.50.9,37312,23.194.108.29,443,6,14.009766,9.990234,15.990234,10.205078,5.792969,1
172.217.10.226,443,192.168.50.8,59635,6,19.000059,8.999941,10.999941,10.103516,9.492996,1
192.168.50.6,54864,172.217.3.100,443,6,27.000000,256.000000,0.999999,29.000000,6.843994,1
192.168.50.8,59605,52.85.90.206,443,6,27.000000,254.000000,4.000000,30.000000,6.024414,1
192.168.50.6,53344,4.2.2.4,53,17,3.250000,17.750000,24.750000,1.500000,6.453125,1
192.168.50.6,52437,4.2.2.4,53,17,3.125000,17.875000,24.875000,1.500000,6.359375,1
192.168.50.6,59338,4.2.2.4,53,17,3.750000,17.250000,24.250000,2.000000,6.328125,1
172.217.12.206,80,192.168.50.6,54861,6,26.000000,255.000000,3.999999,29.000000,7.030273,1
192.168.50.6,57337,4.2.2.4,53,17,3.125000,17.875000,24.875000,1.500000,6.437500,1
192.168.50.8,55657,4.2.2.4,53,17,3.250000,17.750000,24.750000,1.500000,6.296875,1
192.168.50.6,60894,4.2.2.4,53,17,3.625000,17.375000,24.375000,2.000000,6.265625,1
192.168.50.6,59077,4.2.2.4,53,17,5.000000,16.000000,23.000000,3.250000,6.343750,1
192.168.50.8,51928,4.2.2.4,53,17,3.625000,17.375000,24.375000,2.000000,6.328125,1
192.168.50.8,60787,4.2.2.4,53,17,3.500000,17.500000,24.500000,2.000000,6.328125,1
172.217.9.230,443,192.168.50.6,54869,6,27.000000,0.000000,3.000000,27.000002,9.312592,1
192.168.50.6,52966,4.2.2.4,53,17,7.437500,13.562500,20.562500,5.906250,6.312500,1
172.16.0.5,41077,192.168.50.4,9968,6,16.003067,5.996933,11.996933,13.016846,5.875000,1
192.168.50.6,54872,172.217.12.162,443,6,28.000000,1.000000,2.000000,31.000000,7.525024,1
172.16.0.5,52312,192.168.50.4,6921,6,17.001854,4.998146,10.998146,14.011047,5.875000,1
192.168.50.6,56876,4.2.2.4,53,17,3.375000,17.625000,24.625000,1.500000,6.203125,1
192.168.50.6,54853,172.217.9.226,443,6,27.000002,0.999999,253.000000,27.000000,7.378723,1
192.168.50.8,54503,4.2.2.4,53,17,5.031250,15.968750,22.968750,3.375000,6.078125,1
192.168.50.8,53325,4.2.2.4,53,17,3.750000,17.250000,24.250000,2.000000,6.390625,1
192.168.50.6,56423,4.2.2.4,53,17,3.625000,17.375000,24.375000,2.000000,6.328125,1
192.168.50.6,54900,74.208.236.171,80,6,4.687500,16.312500,22.312500,3.125000,6.031250,1
192.168.50.6,59413,4.2.2.4,53,17,4.437500,16.562500,23.562500,2.750000,6.171875,1
172.217.9.226,443,192.168.50.6,54855,6,17.001701,6.998306,13.998299,12.003906,8.154541,1
192.168.50.8,57018,4.2.2.4,53,17,3.375000,17.625000,24.625000,1.500000,6.187500,1
74.208.236.171,80,192.168.50.6,54906,6,22.000021,255.999985,5.999979,19.000233,5.968750,1
74.208.236.171,80,192.168.50.8,59596,6,22.000004,256.000000,5.999997,19.000422,5.968750,1
192.168.50.8,59636,172.217.12.164,443,6,17.000732,8.999268,12.999268,10.160156,7.382812,1
192.168.50.8,59635,172.217.10.226,443,6,19.000132,8.999868,11.999868,10.066406,7.120239,1
74.208.236.171,80,192.168.50.8,59620,6,20.000061,2.999939,8.999939,17.000038,5.953125,1
192.168.50.6,54862,172.217.12.206,80,6,26.000002,256.000000,4.999997,30.000000,5.833984,1
192.168.50.6,65103,4.2.2.4,53,17,3.500000,17.500000,24.500000,2.000000,6.359375,1
192.168.50.8,61627,4.2.2.4,53,17,5.062500,15.937500,21.937500,3.375000,6.046875,1
192.168.50.8,60409,4.2.2.4,53,17,4.625000,16.375000,23.375000,3.000000,6.375000,1
192.168.50.6,51138,4.2.2.4,53,17,5.218750,15.781250,22.781250,3.625000,6.093750,1
172.16.0.5,51049,192.168.50.4,18589,6,17.001648,4.998352,10.998352,14.008545,5.875000,1
192.168.50.6,58383,4.2.2.4,53,17,4.312500,16.687500,23.687500,2.750000,6.296875,1
192.168.50.8,59843,4.2.2.4,53,17,4.812500,16.187500,23.187500,3.125000,6.296875,1
192.168.50.6,54861,172.217.12.206,80,6,26.000002,256.000000,4.999999,30.000000,5.833984,1
192.168.50.4,22,172.16.0.5,17369,6,23.000019,2.999980,6.999980,16.001343,6.694824,1
192.168.50.8,59632,172.217.10.226,443,6,17.001747,8.998253,12.998253,10.196289,6.526367,1
192.168.50.6,62431,4.2.2.4,53,17,4.000000,17.000000,24.000000,2.250000,6.312500,1
74.208.236.171,80,192.168.50.6,54907,6,22.000017,255.999985,5.999982,19.000229,5.968750,1
192.168.50.6,54876,52.85.89.250,443,6,26.000002,0.999998,1.999998,29.000000,6.881348,1
74.208.236.171,80,192.168.50.6,54839,6,17.001381,6.998619,13.998619,13.030762,8.527344,1
192.168.50.8,59609,172.217.3.100,443,6,27.000002,255.000000,256.000000,30.000000,6.718262,1
192.168.50.8,60497,4.2.2.4,53,17,4.875000,16.125000,23.125000,3.250000,6.171875,1
192.168.50.6,64624,4.2.2.4,53,17,3.250000,17.750000,24.750000,1.500000,6.265625,1
173.194.204.109,465,192.168.50.8,59618,6,20.000101,5.999899,10.999899,14.011719,7.448730,1
192.168.50.6,55278,4.2.2.4,53,17,3.375000,17.625000,24.625000,1.500000,6.156250,1
192.168.50.8,53186,4.2.2.4,53,17,5.250000,15.750000,22.750000,3.625000,6.109375,1
192.168.50.8,52670,4.2.2.4,53,17,4.500000,16.500000,23.500000,3.000000,6.203125,1
172.16.0.5,52312,192.168.50.4,51989,6,17.000648,4.999352,10.999352,14.011902,5.875000,1
172.16.0.5,41077,192.168.50.4,10753,6,16.001053,5.998947,11.998947,13.014526,5.875000,1
172.217.6.225,443,192.168.50.6,54913,6,26.000004,255.000000,4.999997,21.000023,7.644531,1
172.16.0.5,0,192.168.50.4,0,1,5.625000,15.375000,22.375000,4.062500,6.281250,1
54.192.53.175,443,192.168.50.8,59606,6,26.000002,0.000000,4.999998,29.000000,7.782227,1
192.168.50.4,22,172.16.0.5,16054,6,23.000013,2.999988,6.999988,17.000305,6.752441,1
192.168.50.6,65436,4.2.2.4,53,17,3.625000,17.375000,24.375000,2.000000,6.140625,1
192.168.50.6,56371,4.2.2.4,53,17,3.250000,17.750000,24.750000,1.500000,6.140625,1
192.168.50.9,48200,52.28.108.167,443,6,16.003632,6.996368,13.996368,12.003662,6.082031,1
192.168.50.6,59259,4.2.2.4,53,17,3.125000,17.875000,24.875000,1.500000,6.328125,1
192.168.50.8,50995,4.2.2.4,53,17,3.750000,17.250000,24.250000,2.000000,6.328125,1
192.168.50.6,54885,172.217.12.206,80,6,26.000004,256.000000,3.999997,31.000000,5.984375,1
23.194.177.32,443,192.168.50.6,54882,6,26.000002,0.999999,4.999999,28.000000,9.485046,1
172.217.10.138,443,192.168.50.8,59612,6,27.000002,254.000000,3.999999,29.000000,7.138672,1
192.168.50.6,54831,74.208.236.171,80,6,3.500000,17.500000,23.500000,2.000000,6.031250,1
192.168.50.6,54829,74.208.236.171,80,6,3.375000,17.625000,23.625000,1.500000,6.031250,1
192.168.50.6,56725,4.2.2.4,53,17,3.250000,17.750000,24.750000,1.500000,6.359375,1
192.168.50.6,63893,4.2.2.4,53,17,3.500000,17.500000,24.500000,2.000000,6.156250,1
192.168.50.6,65408,4.2.2.4,53,17,3.625000,17.375000,24.375000,2.000000,6.437500,1
192.168.50.6,54881,52.85.89.250,443,6,26.000000,256.000000,2.999999,30.000000,6.584473,1
172.16.0.5,53654,192.168.50.4,445,6,18.000355,3.999645,9.999645,15.007080,5.875000,1
192.168.50.6,54823,74.208.236.171,80,6,3.625000,17.375000,23.375000,2.000000,6.031250,1
192.168.50.8,59627,172.217.10.67,443,6,7.132812,13.867188,19.867188,5.500000,6.031250,1
172.217.6.234,443,192.168.50.6,54867,6,27.000002,255.000000,3.999998,28.000000,7.950928,1
192.168.50.6,54819,52.39.131.77,443,6,25.000008,256.000000,0.999993,19.000486,7.028809,1
192.168.50.6,54877,52.85.89.250,443,6,26.000000,256.000000,3.999999,29.000000,7.506592,1
192.168.50.6,62978,4.2.2.4,53,17,6.171875,15.828125,21.828125,3.250000,6.031250,1
192.168.50.6,51640,8.8.8.8,53,17,5.250000,15.750000,22.750000,3.625000,6.328125,1
192.168.50.6,54850,172.217.9.226,443,6,18.000328,6.999672,11.999672,12.030762,6.758789,1
192.168.50.6,54848,172.217.9.226,80,6,22.000057,0.999943,6.999943,18.000710,5.421875,1
192.168.50.8,59637,172.217.11.6,443,6,16.002731,8.997269,12.997269,11.046875,7.507812,1
192.168.50.6,62796,4.2.2.4,53,17,3.875000,17.125000,24.125000,2.250000,6.203125,1
172.217.12.162,443,192.168.50.8,59614,6,28.000000,255.000000,0.999999,31.000000,6.744751,1
192.168.50.6,54903,74.208.236.171,80,6,3.250000,17.750000,23.750000,1.500000,6.031250,1
192.168.50.8,65512,4.2.2.4,53,17,7.421875,13.578125,20.578125,5.875000,6.312500,1
192.168.50.6,54883,172.217.12.162,443,6,17.000854,7.999146,12.999146,12.007812,6.887695,1
172.16.0.5,47362,192.168.50.4,7786,6,17.001884,4.998116,10.998116,14.002136,5.875000,1
192.168.50.6,54835,172.217.6.234,443,6,3.375000,17.625000,23.625000,1.500000,6.031250,1
192.168.50.8,55206,4.2.2.4,53,17,5.156250,15.843750,22.843750,3.500000,6.312500,1
192.168.50.6,54915,172.217.10.226,443,6,17.000198,7.999802,12.999802,12.009766,6.758789,1
192.168.50.8,59614,172.217.12.162,443,6,28.000000,255.000000,3.000000,31.000000,6.826904,1
192.168.50.6,55836,4.2.2.4,53,17,4.562500,16.437500,23.437500,3.000000,6.328125,1
192.168.50.8,60215,4.2.2.4,53,17,5.593750,15.406250,22.406250,4.062500,6.328125,1
192.168.50.6,64536,4.2.2.4,53,17,5.406250,15.593750,22.593750,3.875000,6.312500,1
192.168.50.6,52629,4.2.2.4,53,17,3.250000,17.750000,24.750000,1.500000,6.328125,1
192.168.50.8,51052,4.2.2.4,53,17,3.125000,17.875000,24.875000,1.500000,6.312500,1
192.168.50.8,62981,4.2.2.4,53,17,4.562500,17.437500,24.437500,1.500000,6.328125,1
192.168.50.6,54904,74.208.236.171,80,6,4.937500,16.062500,22.062500,3.250000,6.031250,1
192.168.50.8,59610,172.217.9.230,443,6,27.000002,256.000000,1.999998,28.000000,5.992188,1
192.168.50.6,62431,8.8.8.8,53,17,3.750000,17.250000,24.250000,2.000000,6.312500,1
172.217.3.100,443,192.168.50.8,59609,6,27.000002,254.000000,2.999999,29.000000,7.088623,1
52.85.89.250,443,192.168.50.6,54880,6,26.000002,256.000000,4.999998,29.000000,8.656250,1
172.16.0.5,48795,192.168.50.4,5900,6,6.671875,14.328125,20.328125,5.093750,5.875000,1
192.168.50.6,54873,172.217.12.163,443,6,5.062500,15.937500,21.937500,3.375000,6.031250,1
192.168.50.6,52583,4.2.2.4,53,17,5.781250,15.218750,22.218750,4.187500,6.328125,1
173.194.204.109,465,192.168.50.9,49082,6,20.000046,5.999953,10.999953,14.000488,7.503906,1
