Key,LeftIdx,RightIdx,Feature,SplitValue,num_points,IsLeaf
1,2,21,0,285212672,445,0
2,3,4,4,100663296,301,0
3,-1,-1,4294967295,0,1,1
4,5,18,1,285212672,300,0
5,6,7,2,251658240,72,0
6,-1,-1,4294967295,0,2,1
7,8,9,3,184549376,70,0
8,-1,-1,4294967295,0,2,1
9,10,11,0,201326592,68,0
10,-1,-1,4294967295,0,14,1
11,12,15,0,234881024,54,0
12,13,14,2,285212672,8,0
13,-1,-1,4294967295,0,3,1
14,-1,-1,4294967295,0,5,1
15,16,17,2,268435456,46,0
16,-1,-1,4294967295,0,15,1
17,-1,-1,4294967295,0,31,1
18,19,20,2,285212672,228,0
19,-1,-1,4294967295,0,10,1
20,-1,-1,4294967295,0,218,1
21,22,25,3,385875968,144,0
22,23,24,1,50331648,3,0
23,-1,-1,4294967295,0,1,1
24,-1,-1,4294967295,0,2,1
25,26,37,1,33554432,141,0
26,27,28,3,436207616,125,0
27,-1,-1,4294967295,0,3,1
28,29,36,0,620756992,122,0
29,30,35,0,587202560,72,0
30,31,34,3,486539264,53,0
31,32,33,4,100663296,18,0
32,-1,-1,4294967295,0,3,1
33,-1,-1,4294967295,0,15,1
34,-1,-1,4294967295,0,35,1
35,-1,-1,4294967295,0,19,1
36,-1,-1,4294967295,0,50,1
37,38,39,3,419430400,16,0
38,-1,-1,4294967295,0,9,1
39,-1,-1,4294967295,0,7,1
40,41,42,3,385875968,67,0
41,-1,-1,4294967295,0,8,1
42,43,46,3,419430400,59,0
43,44,45,4,150994944,11,0
44,-1,-1,4294967295,0,9,1
45,-1,-1,4294967295,0,2,1
46,47,48,3,436207616,48,0
47,-1,-1,4294967295,0,2,1
48,-1,-1,4294967295,0,46,1
49,0,0,0,0,0,0
50,0,0,0,0,0,0
51,0,0,0,0,0,0
52,0,0,0,0,0,0
53,0,0,0,0,0,0
54,0,0,0,0,0,0
55,0,0,0,0,0,0
56,0,0,0,0,0,0
57,0,0,0,0,0,0
58,0,0,0,0,0,0
59,0,0,0,0,0,0
60,0,0,0,0,0,0
61,0,0,0,0,0,0
62,0,0,0,0,0,0
63,0,0,0,0,0,0
64,0,0,0,0,0,0
65,0,0,0,0,0,0
66,0,0,0,0,0,0
67,0,0,0,0,0,0
68,0,0,0,0,0,0
69,0,0,0,0,0,0
70,0,0,0,0,0,0
71,0,0,0,0,0,0
72,0,0,0,0,0,0
73,0,0,0,0,0,0
74,0,0,0,0,0,0
75,0,0,0,0,0,0
76,0,0,0,0,0,0
77,0,0,0,0,0,0
78,0,0,0,0,0,0
79,0,0,0,0,0,0
80,0,0,0,0,0,0
81,0,0,0,0,0,0
82,0,0,0,0,0,0
83,0,0,0,0,0,0
84,0,0,0,0,0,0
85,0,0,0,0,0,0
86,0,0,0,0,0,0
87,0,0,0,0,0,0
88,0,0,0,0,0,0
89,0,0,0,0,0,0
90,0,0,0,0,0,0
91,0,0,0,0,0,0
92,0,0,0,0,0,0
93,0,0,0,0,0,0
94,0,0,0,0,0,0
95,0,0,0,0,0,0
96,0,0,0,0,0,0
97,0,0,0,0,0,0
98,0,0,0,0,0,0
99,0,0,0,0,0,0
100,0,0,0,0,0,0
101,0,0,0,0,0,0
102,0,0,0,0,0,0
103,0,0,0,0,0,0
104,0,0,0,0,0,0
105,0,0,0,0,0,0
106,0,0,0,0,0,0
107,0,0,0,0,0,0
108,0,0,0,0,0,0
109,0,0,0,0,0,0
110,0,0,0,0,0,0
111,0,0,0,0,0,0
112,0,0,0,0,0,0
113,0,0,0,0,0,0
114,0,0,0,0,0,0
115,0,0,0,0,0,0
116,0,0,0,0,0,0
117,0,0,0,0,0,0
118,0,0,0,0,0,0
119,0,0,0,0,0,0
120,0,0,0,0,0,0
121,0,0,0,0,0,0
122,0,0,0,0,0,0
123,0,0,0,0,0,0
124,0,0,0,0,0,0
125,0,0,0,0,0,0
126,0,0,0,0,0,0
127,0,0,0,0,0,0
128,0,0,0,0,0,0
129,0,0,0,0,0,0
130,0,0,0,0,0,0
131,0,0,0,0,0,0
132,0,0,0,0,0,0
133,0,0,0,0,0,0
134,0,0,0,0,0,0
135,0,0,0,0,0,0
136,0,0,0,0,0,0
137,0,0,0,0,0,0
138,0,0,0,0,0,0
139,0,0,0,0,0,0
140,0,0,0,0,0,0
141,0,0,0,0,0,0
142,0,0,0,0,0,0
143,0,0,0,0,0,0
144,0,0,0,0,0,0
145,0,0,0,0,0,0
146,0,0,0,0,0,0
147,0,0,0,0,0,0
148,0,0,0,0,0,0
149,0,0,0,0,0,0
150,0,0,0,0,0,0
151,0,0,0,0,0,0
152,0,0,0,0,0,0
153,0,0,0,0,0,0
154,0,0,0,0,0,0
155,0,0,0,0,0,0
156,0,0,0,0,0,0
157,0,0,0,0,0,0
158,0,0,0,0,0,0
159,0,0,0,0,0,0
160,0,0,0,0,0,0
161,0,0,0,0,0,0
162,0,0,0,0,0,0
163,0,0,0,0,0,0
164,0,0,0,0,0,0
165,0,0,0,0,0,0
166,0,0,0,0,0,0
167,0,0,0,0,0,0
168,0,0,0,0,0,0
169,0,0,0,0,0,0
170,0,0,0,0,0,0
171,0,0,0,0,0,0
172,0,0,0,0,0,0
173,0,0,0,0,0,0
174,0,0,0,0,0,0
175,0,0,0,0,0,0
176,0,0,0,0,0,0
177,0,0,0,0,0,0
178,0,0,0,0,0,0
179,0,0,0,0,0,0
180,0,0,0,0,0,0
181,0,0,0,0,0,0
182,0,0,0,0,0,0
183,0,0,0,0,0,0
184,0,0,0,0,0,0
185,0,0,0,0,0,0
186,0,0,0,0,0,0
187,0,0,0,0,0,0
188,0,0,0,0,0,0
189,0,0,0,0,0,0
190,0,0,0,0,0,0
191,0,0,0,0,0,0
192,0,0,0,0,0,0
193,0,0,0,0,0,0
194,0,0,0,0,0,0
195,0,0,0,0,0,0
196,0,0,0,0,0,0
197,0,0,0,0,0,0
198,0,0,0,0,0,0
199,0,0,0,0,0,0
200,0,0,0,0,0,0
201,0,0,0,0,0,0
202,0,0,0,0,0,0
203,0,0,0,0,0,0
204,0,0,0,0,0,0
205,0,0,0,0,0,0
206,0,0,0,0,0,0
207,0,0,0,0,0,0
208,0,0,0,0,0,0
209,0,0,0,0,0,0
210,0,0,0,0,0,0
211,0,0,0,0,0,0
212,0,0,0,0,0,0
213,0,0,0,0,0,0
214,0,0,0,0,0,0
215,0,0,0,0,0,0
216,0,0,0,0,0,0
217,0,0,0,0,0,0
218,0,0,0,0,0,0
219,0,0,0,0,0,0
220,0,0,0,0,0,0
221,0,0,0,0,0,0
222,0,0,0,0,0,0
223,0,0,0,0,0,0
224,0,0,0,0,0,0
225,0,0,0,0,0,0
226,0,0,0,0,0,0
227,0,0,0,0,0,0
228,0,0,0,0,0,0
229,0,0,0,0,0,0
230,0,0,0,0,0,0
231,0,0,0,0,0,0
232,0,0,0,0,0,0
233,0,0,0,0,0,0
234,0,0,0,0,0,0
235,0,0,0,0,0,0
236,0,0,0,0,0,0
237,0,0,0,0,0,0
238,0,0,0,0,0,0
239,0,0,0,0,0,0
240,0,0,0,0,0,0
241,0,0,0,0,0,0
242,0,0,0,0,0,0
243,0,0,0,0,0,0
244,0,0,0,0,0,0
245,0,0,0,0,0,0
246,0,0,0,0,0,0
247,0,0,0,0,0,0
248,0,0,0,0,0,0
249,0,0,0,0,0,0
250,0,0,0,0,0,0
251,0,0,0,0,0,0
252,0,0,0,0,0,0
253,0,0,0,0,0,0
254,0,0,0,0,0,0
255,0,0,0,0,0,0
256,1,22,4,117440512,512,0
257,2,17,3,285212672,374,0
258,3,6,3,201326592,280,0
259,4,5,1,335544320,176,0
260,-1,-1,4294967295,0,114,1
261,-1,-1,4294967295,0,62,1
262,7,8,2,251658240,104,0
263,-1,-1,4294967295,0,2,1
264,9,12,3,218103808,102,0
265,10,11,0,218103808,40,0
266,-1,-1,4294967295,0,39,1
267,-1,-1,4294967295,0,1,1
268,13,16,0,234881024,62,0
269,14,15,1,251658240,14,0
270,-1,-1,4294967295,0,2,1
271,-1,-1,4294967295,0,12,1
272,-1,-1,4294967295,0,48,1
273,18,19,0,469762048,94,0
274,-1,-1,4294967295,0,5,1
275,20,21,1,16777216,89,0
276,-1,-1,4294967295,0,84,1
277,-1,-1,4294967295,0,5,1
278,23,42,3,452984832,138,0
279,24,37,4,150994944,52,0
280,25,26,3,285212672,43,0
281,-1,-1,4294967295,0,6,1
282,27,34,2,33554432,37,0
283,28,31,2,16777216,11,0
284,29,30,0,536870912,6,0
285,-1,-1,4294967295,0,5,1
286,-1,-1,4294967295,0,1,1
287,32,33,1,16777216,5,0
288,-1,-1,4294967295,0,3,1
289,-1,-1,4294967295,0,2,1
290,35,36,2,67108864,26,0
291,-1,-1,4294967295,0,17,1
292,-1,-1,4294967295,0,9,1
293,38,39,1,16777216,9,0
294,-1,-1,4294967295,0,2,1
295,40,41,0,452984832,7,0
296,-1,-1,4294967295,0,3,1
297,-1,-1,4294967295,0,4,1
298,-1,-1,4294967295,0,86,1
299,0,0,0,0,0,0
300,0,0,0,0,0,0
301,0,0,0,0,0,0
302,0,0,0,0,0,0
303,0,0,0,0,0,0
304,0,0,0,0,0,0
305,0,0,0,0,0,0
306,0,0,0,0,0,0
307,0,0,0,0,0,0
308,0,0,0,0,0,0
309,0,0,0,0,0,0
310,0,0,0,0,0,0
311,0,0,0,0,0,0
312,0,0,0,0,0,0
313,0,0,0,0,0,0
314,0,0,0,0,0,0
315,0,0,0,0,0,0
316,0,0,0,0,0,0
317,0,0,0,0,0,0
318,0,0,0,0,0,0
319,0,0,0,0,0,0
320,0,0,0,0,0,0
321,0,0,0,0,0,0
322,0,0,0,0,0,0
323,0,0,0,0,0,0
324,0,0,0,0,0,0
325,0,0,0,0,0,0
326,0,0,0,0,0,0
327,0,0,0,0,0,0
328,0,0,0,0,0,0
329,0,0,0,0,0,0
330,0,0,0,0,0,0
331,0,0,0,0,0,0
332,0,0,0,0,0,0
333,0,0,0,0,0,0
334,0,0,0,0,0,0
335,0,0,0,0,0,0
336,0,0,0,0,0,0
337,0,0,0,0,0,0
338,0,0,0,0,0,0
339,0,0,0,0,0,0
340,0,0,0,0,0,0
341,0,0,0,0,0,0
342,0,0,0,0,0,0
343,0,0,0,0,0,0
344,0,0,0,0,0,0
345,0,0,0,0,0,0
346,0,0,0,0,0,0
347,0,0,0,0,0,0
348,0,0,0,0,0,0
349,0,0,0,0,0,0
350,0,0,0,0,0,0
351,0,0,0,0,0,0
352,0,0,0,0,0,0
353,0,0,0,0,0,0
354,0,0,0,0,0,0
355,0,0,0,0,0,0
356,0,0,0,0,0,0
357,0,0,0,0,0,0
358,0,0,0,0,0,0
359,0,0,0,0,0,0
360,0,0,0,0,0,0
361,0,0,0,0,0,0
362,0,0,0,0,0,0
363,0,0,0,0,0,0
364,0,0,0,0,0,0
365,0,0,0,0,0,0
366,0,0,0,0,0,0
367,0,0,0,0,0,0
368,0,0,0,0,0,0
369,0,0,0,0,0,0
370,0,0,0,0,0,0
371,0,0,0,0,0,0
372,0,0,0,0,0,0
373,0,0,0,0,0,0
374,0,0,0,0,0,0
375,0,0,0,0,0,0
376,0,0,0,0,0,0
377,0,0,0,0,0,0
378,0,0,0,0,0,0
379,0,0,0,0,0,0
380,0,0,0,0,0,0
381,0,0,0,0,0,0
382,0,0,0,0,0,0
383,0,0,0,0,0,0
384,0,0,0,0,0,0
385,0,0,0,0,0,0
386,0,0,0,0,0,0
387,0,0,0,0,0,0
388,0,0,0,0,0,0
389,0,0,0,0,0,0
390,0,0,0,0,0,0
391,0,0,0,0,0,0
392,0,0,0,0,0,0
393,0,0,0,0,0,0
394,0,0,0,0,0,0
395,0,0,0,0,0,0
396,0,0,0,0,0,0
397,0,0,0,0,0,0
398,0,0,0,0,0,0
399,0,0,0,0,0,0
400,0,0,0,0,0,0
401,0,0,0,0,0,0
402,0,0,0,0,0,0
403,0,0,0,0,0,0
404,0,0,0,0,0,0
405,0,0,0,0,0,0
406,0,0,0,0,0,0
407,0,0,0,0,0,0
408,0,0,0,0,0,0
409,0,0,0,0,0,0
410,0,0,0,0,0,0
411,0,0,0,0,0,0
412,0,0,0,0,0,0
413,0,0,0,0,0,0
414,0,0,0,0,0,0
415,0,0,0,0,0,0
416,0,0,0,0,0,0
417,0,0,0,0,0,0
418,0,0,0,0,0,0
419,0,0,0,0,0,0
420,0,0,0,0,0,0
421,0,0,0,0,0,0
422,0,0,0,0,0,0
423,0,0,0,0,0,0
424,0,0,0,0,0,0
425,0,0,0,0,0,0
426,0,0,0,0,0,0
427,0,0,0,0,0,0
428,0,0,0,0,0,0
429,0,0,0,0,0,0
430,0,0,0,0,0,0
431,0,0,0,0,0,0
432,0,0,0,0,0,0
433,0,0,0,0,0,0
434,0,0,0,0,0,0
435,0,0,0,0,0,0
436,0,0,0,0,0,0
437,0,0,0,0,0,0
438,0,0,0,0,0,0
439,0,0,0,0,0,0
440,0,0,0,0,0,0
441,0,0,0,0,0,0
442,0,0,0,0,0,0
443,0,0,0,0,0,0
444,0,0,0,0,0,0
445,0,0,0,0,0,0
446,0,0,0,0,0,0
447,0,0,0,0,0,0
448,0,0,0,0,0,0
449,0,0,0,0,0,0
450,0,0,0,0,0,0
451,0,0,0,0,0,0
452,0,0,0,0,0,0
453,0,0,0,0,0,0
454,0,0,0,0,0,0
455,0,0,0,0,0,0
456,0,0,0,0,0,0
457,0,0,0,0,0,0
458,0,0,0,0,0,0
459,0,0,0,0,0,0
460,0,0,0,0,0,0
461,0,0,0,0,0,0
462,0,0,0,0,0,0
463,0,0,0,0,0,0
464,0,0,0,0,0,0
465,0,0,0,0,0,0
466,0,0,0,0,0,0
467,0,0,0,0,0,0
468,0,0,0,0,0,0
469,0,0,0,0,0,0
470,0,0,0,0,0,0
471,0,0,0,0,0,0
472,0,0,0,0,0,0
473,0,0,0,0,0,0
474,0,0,0,0,0,0
475,0,0,0,0,0,0
476,0,0,0,0,0,0
477,0,0,0,0,0,0
478,0,0,0,0,0,0
479,0,0,0,0,0,0
480,0,0,0,0,0,0
481,0,0,0,0,0,0
482,0,0,0,0,0,0
483,0,0,0,0,0,0
484,0,0,0,0,0,0
485,0,0,0,0,0,0
486,0,0,0,0,0,0
487,0,0,0,0,0,0
488,0,0,0,0,0,0
489,0,0,0,0,0,0
490,0,0,0,0,0,0
491,0,0,0,0,0,0
492,0,0,0,0,0,0
493,0,0,0,0,0,0
494,0,0,0,0,0,0
495,0,0,0,0,0,0
496,0,0,0,0,0,0
497,0,0,0,0,0,0
498,0,0,0,0,0,0
499,0,0,0,0,0,0
500,0,0,0,0,0,0
501,0,0,0,0,0,0
502,0,0,0,0,0,0
503,0,0,0,0,0,0
504,0,0,0,0,0,0
505,0,0,0,0,0,0
506,0,0,0,0,0,0
507,0,0,0,0,0,0
508,0,0,0,0,0,0
509,0,0,0,0,0,0
510,0,0,0,0,0,0
511,0,0,0,0,0,0
512,1,20,2,251658240,512,0
513,2,3,4,100663296,235,0
514,-1,-1,4294967295,0,22,1
515,4,19,2,134217728,213,0
516,5,12,2,50331648,212,0
517,6,11,2,16777216,188,0
518,7,8,1,16777216,177,0
519,-1,-1,4294967295,0,172,1
520,9,10,4,150994944,5,0
521,-1,-1,4294967295,0,4,1
522,-1,-1,4294967295,0,1,1
523,-1,-1,4294967295,0,11,1
524,13,14,0,419430400,24,0
525,-1,-1,4294967295,0,2,1
526,15,16,1,67108864,22,0
527,-1,-1,4294967295,0,8,1
528,17,18,2,67108864,14,0
529,-1,-1,4294967295,0,4,1
530,-1,-1,4294967295,0,10,1
531,-1,-1,4294967295,0,1,1
532,21,24,3,234881024,277,0
533,22,23,2,301989888,227,0
534,-1,-1,4294967295,0,17,1
535,-1,-1,4294967295,0,210,1
536,-1,-1,4294967295,0,50,1
537,-1,-1,4294967295,0,71,1
538,27,30,4,134217728,8,0
539,28,29,0,486539264,7,0
540,-1,-1,4294967295,0,4,1
541,-1,-1,4294967295,0,3,1
542,-1,-1,4294967295,0,1,1
543,32,33,3,503316480,6,0
544,-1,-1,4294967295,0,2,1
545,-1,-1,4294967295,0,4,1
546,35,36,2,318767104,305,0
547,-1,-1,4294967295,0,121,1
548,37,38,1,268435456,184,0
549,-1,-1,4294967295,0,1,1
550,-1,-1,4294967295,0,183,1
551,0,0,0,0,0,0
552,0,0,0,0,0,0
553,0,0,0,0,0,0
554,0,0,0,0,0,0
555,0,0,0,0,0,0
556,0,0,0,0,0,0
557,0,0,0,0,0,0
558,0,0,0,0,0,0
559,0,0,0,0,0,0
560,0,0,0,0,0,0
561,0,0,0,0,0,0
562,0,0,0,0,0,0
563,0,0,0,0,0,0
564,0,0,0,0,0,0
565,0,0,0,0,0,0
566,0,0,0,0,0,0
567,0,0,0,0,0,0
568,0,0,0,0,0,0
569,0,0,0,0,0,0
570,0,0,0,0,0,0
571,0,0,0,0,0,0
572,0,0,0,0,0,0
573,0,0,0,0,0,0
574,0,0,0,0,0,0
575,0,0,0,0,0,0
576,0,0,0,0,0,0
577,0,0,0,0,0,0
578,0,0,0,0,0,0
579,0,0,0,0,0,0
580,0,0,0,0,0,0
581,0,0,0,0,0,0
582,0,0,0,0,0,0
583,0,0,0,0,0,0
584,0,0,0,0,0,0
585,0,0,0,0,0,0
586,0,0,0,0,0,0
587,0,0,0,0,0,0
588,0,0,0,0,0,0
589,0,0,0,0,0,0
590,0,0,0,0,0,0
591,0,0,0,0,0,0
592,0,0,0,0,0,0
593,0,0,0,0,0,0
594,0,0,0,0,0,0
595,0,0,0,0,0,0
596,0,0,0,0,0,0
597,0,0,0,0,0,0
598,0,0,0,0,0,0
599,0,0,0,0,0,0
600,0,0,0,0,0,0
601,0,0,0,0,0,0
602,0,0,0,0,0,0
603,0,0,0,0,0,0
604,0,0,0,0,0,0
605,0,0,0,0,0,0
606,0,0,0,0,0,0
607,0,0,0,0,0,0
608,0,0,0,0,0,0
609,0,0,0,0,0,0
610,0,0,0,0,0,0
611,0,0,0,0,0,0
612,0,0,0,0,0,0
613,0,0,0,0,0,0
614,0,0,0,0,0,0
615,0,0,0,0,0,0
616,0,0,0,0,0,0
617,0,0,0,0,0,0
618,0,0,0,0,0,0
619,0,0,0,0,0,0
620,0,0,0,0,0,0
621,0,0,0,0,0,0
622,0,0,0,0,0,0
623,0,0,0,0,0,0
624,0,0,0,0,0,0
625,0,0,0,0,0,0
626,0,0,0,0,0,0
627,0,0,0,0,0,0
628,0,0,0,0,0,0
629,0,0,0,0,0,0
630,0,0,0,0,0,0
631,0,0,0,0,0,0
632,0,0,0,0,0,0
633,0,0,0,0,0,0
634,0,0,0,0,0,0
635,0,0,0,0,0,0
636,0,0,0,0,0,0
637,0,0,0,0,0,0
638,0,0,0,0,0,0
639,0,0,0,0,0,0
640,0,0,0,0,0,0
641,0,0,0,0,0,0
642,0,0,0,0,0,0
643,0,0,0,0,0,0
644,0,0,0,0,0,0
645,0,0,0,0,0,0
646,0,0,0,0,0,0
647,0,0,0,0,0,0
648,0,0,0,0,0,0
649,0,0,0,0,0,0
650,0,0,0,0,0,0
651,0,0,0,0,0,0
652,0,0,0,0,0,0
653,0,0,0,0,0,0
654,0,0,0,0,0,0
655,0,0,0,0,0,0
656,0,0,0,0,0,0
657,0,0,0,0,0,0
658,0,0,0,0,0,0
659,0,0,0,0,0,0
660,0,0,0,0,0,0
661,0,0,0,0,0,0
662,0,0,0,0,0,0
663,0,0,0,0,0,0
664,0,0,0,0,0,0
665,0,0,0,0,0,0
666,0,0,0,0,0,0
667,0,0,0,0,0,0
668,0,0,0,0,0,0
669,0,0,0,0,0,0
670,0,0,0,0,0,0
671,0,0,0,0,0,0
672,0,0,0,0,0,0
673,0,0,0,0,0,0
674,0,0,0,0,0,0
675,0,0,0,0,0,0
676,0,0,0,0,0,0
677,0,0,0,0,0,0
678,0,0,0,0,0,0
679,0,0,0,0,0,0
680,0,0,0,0,0,0
681,0,0,0,0,0,0
682,0,0,0,0,0,0
683,0,0,0,0,0,0
684,0,0,0,0,0,0
685,0,0,0,0,0,0
686,0,0,0,0,0,0
687,0,0,0,0,0,0
688,0,0,0,0,0,0
689,0,0,0,0,0,0
690,0,0,0,0,0,0
691,0,0,0,0,0,0
692,0,0,0,0,0,0
693,0,0,0,0,0,0
694,0,0,0,0,0,0
695,0,0,0,0,0,0
696,0,0,0,0,0,0
697,0,0,0,0,0,0
698,0,0,0,0,0,0
699,0,0,0,0,0,0
700,0,0,0,0,0,0
701,0,0,0,0,0,0
702,0,0,0,0,0,0
703,0,0,0,0,0,0
704,0,0,0,0,0,0
705,0,0,0,0,0,0
706,0,0,0,0,0,0
707,0,0,0,0,0,0
708,0,0,0,0,0,0
709,0,0,0,0,0,0
710,0,0,0,0,0,0
711,0,0,0,0,0,0
712,0,0,0,0,0,0
713,0,0,0,0,0,0
714,0,0,0,0,0,0
715,0,0,0,0,0,0
716,0,0,0,0,0,0
717,0,0,0,0,0,0
718,0,0,0,0,0,0
719,0,0,0,0,0,0
720,0,0,0,0,0,0
721,0,0,0,0,0,0
722,0,0,0,0,0,0
723,0,0,0,0,0,0
724,0,0,0,0,0,0
725,0,0,0,0,0,0
726,0,0,0,0,0,0
727,0,0,0,0,0,0
728,0,0,0,0,0,0
729,0,0,0,0,0,0
730,0,0,0,0,0,0
731,0,0,0,0,0,0
732,0,0,0,0,0,0
733,0,0,0,0,0,0
734,0,0,0,0,0,0
735,0,0,0,0,0,0
736,0,0,0,0,0,0
737,0,0,0,0,0,0
738,0,0,0,0,0,0
739,0,0,0,0,0,0
740,0,0,0,0,0,0
741,0,0,0,0,0,0
742,0,0,0,0,0,0
743,0,0,0,0,0,0
744,0,0,0,0,0,0
745,0,0,0,0,0,0
746,0,0,0,0,0,0
747,0,0,0,0,0,0
748,0,0,0,0,0,0
749,0,0,0,0,0,0
750,0,0,0,0,0,0
751,0,0,0,0,0,0
752,0,0,0,0,0,0
753,0,0,0,0,0,0
754,0,0,0,0,0,0
755,0,0,0,0,0,0
756,0,0,0,0,0,0
757,0,0,0,0,0,0
758,0,0,0,0,0,0
759,0,0,0,0,0,0
760,0,0,0,0,0,0
761,0,0,0,0,0,0
762,0,0,0,0,0,0
763,0,0,0,0,0,0
764,0,0,0,0,0,0
765,0,0,0,0,0,0
766,0,0,0,0,0,0
767,0,0,0,0,0,0
768,1,2,3,184549376,512,0
769,-1,-1,4294967295,0,12,1
770,3,24,4,117440512,500,0
771,4,19,2,201326592,366,0
772,5,6,0,419430400,100,0
773,-1,-1,4294967295,0,1,1
774,7,16,3,452984832,99,0
775,8,15,2,50331648,14,0
776,9,14,1,33554432,10,0
777,10,11,0,553648128,7,0
778,-1,-1,4294967295,0,2,1
779,12,13,0,570425344,5,0
780,-1,-1,4294967295,0,2,1
781,-1,-1,4294967295,0,3,1
782,-1,-1,4294967295,0,3,1
783,-1,-1,4294967295,0,4,1
784,17,18,3,486539264,85,0
785,-1,-1,4294967295,0,8,1
786,-1,-1,4294967295,0,77,1
787,20,23,3,234881024,266,0
788,21,22,0,201326592,218,0
789,-1,-1,4294967295,0,158,1
790,-1,-1,4294967295,0,60,1
791,-1,-1,4294967295,0,48,1
792,25,28,4,150994944,134,0
793,26,27,1,33554432,117,0
794,-1,-1,4294967295,0,89,1
795,-1,-1,4294967295,0,28,1
796,29,30,1,16777216,17,0
797,-1,-1,4294967295,0,14,1
798,-1,-1,4294967295,0,3,1
799,-1,-1,4294967295,0,4,1
800,33,44,2,318767104,283,0
801,34,43,0,251658240,120,0
802,35,36,0,201326592,111,0
803,-1,-1,4294967295,0,5,1
804,37,38,1,268435456,106,0
805,-1,-1,4294967295,0,17,1
806,39,42,0,218103808,89,0
807,40,41,1,301989888,43,0
808,-1,-1,4294967295,0,9,1
809,-1,-1,4294967295,0,34,1
810,-1,-1,4294967295,0,46,1
811,-1,-1,4294967295,0,9,1
812,-1,-1,4294967295,0,163,1
813,0,0,0,0,0,0
814,0,0,0,0,0,0
815,0,0,0,0,0,0
816,0,0,0,0,0,0
817,0,0,0,0,0,0
818,0,0,0,0,0,0
819,0,0,0,0,0,0
820,0,0,0,0,0,0
821,0,0,0,0,0,0
822,0,0,0,0,0,0
823,0,0,0,0,0,0
824,0,0,0,0,0,0
825,0,0,0,0,0,0
826,0,0,0,0,0,0
827,0,0,0,0,0,0
828,0,0,0,0,0,0
829,0,0,0,0,0,0
830,0,0,0,0,0,0
831,0,0,0,0,0,0
832,0,0,0,0,0,0
833,0,0,0,0,0,0
834,0,0,0,0,0,0
835,0,0,0,0,0,0
836,0,0,0,0,0,0
837,0,0,0,0,0,0
838,0,0,0,0,0,0
839,0,0,0,0,0,0
840,0,0,0,0,0,0
841,0,0,0,0,0,0
842,0,0,0,0,0,0
843,0,0,0,0,0,0
844,0,0,0,0,0,0
845,0,0,0,0,0,0
846,0,0,0,0,0,0
847,0,0,0,0,0,0
848,0,0,0,0,0,0
849,0,0,0,0,0,0
850,0,0,0,0,0,0
851,0,0,0,0,0,0
852,0,0,0,0,0,0
853,0,0,0,0,0,0
854,0,0,0,0,0,0
855,0,0,0,0,0,0
856,0,0,0,0,0,0
857,0,0,0,0,0,0
858,0,0,0,0,0,0
859,0,0,0,0,0,0
860,0,0,0,0,0,0
861,0,0,0,0,0,0
862,0,0,0,0,0,0
863,0,0,0,0,0,0
864,0,0,0,0,0,0
865,0,0,0,0,0,0
866,0,0,0,0,0,0
867,0,0,0,0,0,0
868,0,0,0,0,0,0
869,0,0,0,0,0,0
870,0,0,0,0,0,0
871,0,0,0,0,0,0
872,0,0,0,0,0,0
873,0,0,0,0,0,0
874,0,0,0,0,0,0
875,0,0,0,0,0,0
876,0,0,0,0,0,0
877,0,0,0,0,0,0
878,0,0,0,0,0,0
879,0,0,0,0,0,0
880,0,0,0,0,0,0
881,0,0,0,0,0,0
882,0,0,0,0,0,0
883,0,0,0,0,0,0
884,0,0,0,0,0,0
885,0,0,0,0,0,0
886,0,0,0,0,0,0
887,0,0,0,0,0,0
888,0,0,0,0,0,0
889,0,0,0,0,0,0
890,0,0,0,0,0,0
891,0,0,0,0,0,0
892,0,0,0,0,0,0
893,0,0,0,0,0,0
894,0,0,0,0,0,0
895,0,0,0,0,0,0
896,0,0,0,0,0,0
897,0,0,0,0,0,0
898,0,0,0,0,0,0
899,0,0,0,0,0,0
900,0,0,0,0,0,0
901,0,0,0,0,0,0
902,0,0,0,0,0,0
903,0,0,0,0,0,0
904,0,0,0,0,0,0
905,0,0,0,0,0,0
906,0,0,0,0,0,0
907,0,0,0,0,0,0
908,0,0,0,0,0,0
909,0,0,0,0,0,0
910,0,0,0,0,0,0
911,0,0,0,0,0,0
912,0,0,0,0,0,0
913,0,0,0,0,0,0
914,0,0,0,0,0,0
915,0,0,0,0,0,0
916,0,0,0,0,0,0
917,0,0,0,0,0,0
918,0,0,0,0,0,0
919,0,0,0,0,0,0
920,0,0,0,0,0,0
921,0,0,0,0,0,0
922,0,0,0,0,0,0
923,0,0,0,0,0,0
924,0,0,0,0,0,0
925,0,0,0,0,0,0
926,0,0,0,0,0,0
927,0,0,0,0,0,0
928,0,0,0,0,0,0
929,0,0,0,0,0,0
930,0,0,0,0,0,0
931,0,0,0,0,0,0
932,0,0,0,0,0,0
933,0,0,0,0,0,0
934,0,0,0,0,0,0
935,0,0,0,0,0,0
936,0,0,0,0,0,0
937,0,0,0,0,0,0
938,0,0,0,0,0,0
939,0,0,0,0,0,0
940,0,0,0,0,0,0
941,0,0,0,0,0,0
942,0,0,0,0,0,0
943,0,0,0,0,0,0
944,0,0,0,0,0,0
945,0,0,0,0,0,0
946,0,0,0,0,0,0
947,0,0,0,0,0,0
948,0,0,0,0,0,0
949,0,0,0,0,0,0
950,0,0,0,0,0,0
951,0,0,0,0,0,0
952,0,0,0,0,0,0
953,0,0,0,0,0,0
954,0,0,0,0,0,0
955,0,0,0,0,0,0
956,0,0,0,0,0,0
957,0,0,0,0,0,0
958,0,0,0,0,0,0
959,0,0,0,0,0,0
960,0,0,0,0,0,0
961,0,0,0,0,0,0
962,0,0,0,0,0,0
963,0,0,0,0,0,0
964,0,0,0,0,0,0
965,0,0,0,0,0,0
966,0,0,0,0,0,0
967,0,0,0,0,0,0
968,0,0,0,0,0,0
969,0,0,0,0,0,0
970,0,0,0,0,0,0
971,0,0,0,0,0,0
972,0,0,0,0,0,0
973,0,0,0,0,0,0
974,0,0,0,0,0,0
975,0,0,0,0,0,0
976,0,0,0,0,0,0
977,0,0,0,0,0,0
978,0,0,0,0,0,0
979,0,0,0,0,0,0
980,0,0,0,0,0,0
981,0,0,0,0,0,0
982,0,0,0,0,0,0
983,0,0,0,0,0,0
984,0,0,0,0,0,0
985,0,0,0,0,0,0
986,0,0,0,0,0,0
987,0,0,0,0,0,0
988,0,0,0,0,0,0
989,0,0,0,0,0,0
990,0,0,0,0,0,0
991,0,0,0,0,0,0
992,0,0,0,0,0,0
993,0,0,0,0,0,0
994,0,0,0,0,0,0
995,0,0,0,0,0,0
996,0,0,0,0,0,0
997,0,0,0,0,0,0
998,0,0,0,0,0,0
999,0,0,0,0,0,0
1000,0,0,0,0,0,0
1001,0,0,0,0,0,0
1002,0,0,0,0,0,0
1003,0,0,0,0,0,0
1004,0,0,0,0,0,0
1005,0,0,0,0,0,0
1006,0,0,0,0,0,0
1007,0,0,0,0,0,0
1008,0,0,0,0,0,0
1009,0,0,0,0,0,0
1010,0,0,0,0,0,0
1011,0,0,0,0,0,0
1012,0,0,0,0,0,0
1013,0,0,0,0,0,0
1014,0,0,0,0,0,0
1015,0,0,0,0,0,0
1016,0,0,0,0,0,0
1017,0,0,0,0,0,0
1018,0,0,0,0,0,0
1019,0,0,0,0,0,0
1020,0,0,0,0,0,0
1021,0,0,0,0,0,0
1022,0,0,0,0,0,0
1023,0,0,0,0,0,0
1024,1,8,0,285212672,512,0
1025,2,3,4,100663296,298,0
1026,-1,-1,4294967295,0,1,1
1027,4,5,1,218103808,297,0
1028,-1,-1,4294967295,0,1,1
1029,6,7,0,184549376,296,0
1030,-1,-1,4294967295,0,12,1
1031,-1,-1,4294967295,0,284,1
1032,9,12,3,436207616,214,0
1033,10,11,4,134217728,40,0
1034,-1,-1,4294967295,0,32,1
1035,-1,-1,4294967295,0,8,1
1036,13,20,0,570425344,174,0
1037,14,19,3,486539264,70,0
1038,15,18,0,536870912,30,0
1039,16,17,0,486539264,13,0
1040,-1,-1,4294967295,0,1,1
1041,-1,-1,4294967295,0,12,1
1042,-1,-1,4294967295,0,17,1
1043,-1,-1,4294967295,0,40,1
1044,21,24,3,503316480,104,0
1045,22,23,3,452984832,27,0
1046,-1,-1,4294967295,0,3,1
1047,-1,-1,4294967295,0,24,1
1048,-1,-1,4294967295,0,77,1
1049,-1,-1,4294967295,0,176,1
1050,27,32,3,452984832,145,0
1051,28,29,0,587202560,4,0
1052,-1,-1,4294967295,0,1,1
1053,30,31,3,385875968,3,0
1054,-1,-1,4294967295,0,1,1
1055,-1,-1,4294967295,0,2,1
1056,-1,-1,4294967295,0,141,1
1057,0,0,0,0,0,0
1058,0,0,0,0,0,0
1059,0,0,0,0,0,0
1060,0,0,0,0,0,0
1061,0,0,0,0,0,0
1062,0,0,0,0,0,0
1063,0,0,0,0,0,0
1064,0,0,0,0,0,0
1065,0,0,0,0,0,0
1066,0,0,0,0,0,0
1067,0,0,0,0,0,0
1068,0,0,0,0,0,0
1069,0,0,0,0,0,0
1070,0,0,0,0,0,0
1071,0,0,0,0,0,0
1072,0,0,0,0,0,0
1073,0,0,0,0,0,0
1074,0,0,0,0,0,0
1075,0,0,0,0,0,0
1076,0,0,0,0,0,0
1077,0,0,0,0,0,0
1078,0,0,0,0,0,0
1079,0,0,0,0,0,0
1080,0,0,0,0,0,0
1081,0,0,0,0,0,0
1082,0,0,0,0,0,0
1083,0,0,0,0,0,0
1084,0,0,0,0,0,0
1085,0,0,0,0,0,0
1086,0,0,0,0,0,0
1087,0,0,0,0,0,0
1088,0,0,0,0,0,0
1089,0,0,0,0,0,0
1090,0,0,0,0,0,0
1091,0,0,0,0,0,0
1092,0,0,0,0,0,0
1093,0,0,0,0,0,0
1094,0,0,0,0,0,0
1095,0,0,0,0,0,0
1096,0,0,0,0,0,0
1097,0,0,0,0,0,0
1098,0,0,0,0,0,0
1099,0,0,0,0,0,0
1100,0,0,0,0,0,0
1101,0,0,0,0,0,0
1102,0,0,0,0,0,0
1103,0,0,0,0,0,0
1104,0,0,0,0,0,0
1105,0,0,0,0,0,0
1106,0,0,0,0,0,0
1107,0,0,0,0,0,0
1108,0,0,0,0,0,0
1109,0,0,0,0,0,0
1110,0,0,0,0,0,0
1111,0,0,0,0,0,0
1112,0,0,0,0,0,0
1113,0,0,0,0,0,0
1114,0,0,0,0,0,0
1115,0,0,0,0,0,0
1116,0,0,0,0,0,0
1117,0,0,0,0,0,0
1118,0,0,0,0,0,0
1119,0,0,0,0,0,0
1120,0,0,0,0,0,0
1121,0,0,0,0,0,0
1122,0,0,0,0,0,0
1123,0,0,0,0,0,0
1124,0,0,0,0,0,0
1125,0,0,0,0,0,0
1126,0,0,0,0,0,0
1127,0,0,0,0,0,0
1128,0,0,0,0,0,0
1129,0,0,0,0,0,0
1130,0,0,0,0,0,0
1131,0,0,0,0,0,0
1132,0,0,0,0,0,0
1133,0,0,0,0,0,0
1134,0,0,0,0,0,0
1135,0,0,0,0,0,0
1136,0,0,0,0,0,0
1137,0,0,0,0,0,0
1138,0,0,0,0,0,0
1139,0,0,0,0,0,0
1140,0,0,0,0,0,0
1141,0,0,0,0,0,0
1142,0,0,0,0,0,0
1143,0,0,0,0,0,0
1144,0,0,0,0,0,0
1145,0,0,0,0,0,0
1146,0,0,0,0,0,0
1147,0,0,0,0,0,0
1148,0,0,0,0,0,0
1149,0,0,0,0,0,0
1150,0,0,0,0,0,0
1151,0,0,0,0,0,0
1152,0,0,0,0,0,0
1153,0,0,0,0,0,0
1154,0,0,0,0,0,0
1155,0,0,0,0,0,0
1156,0,0,0,0,0,0
1157,0,0,0,0,0,0
1158,0,0,0,0,0,0
1159,0,0,0,0,0,0
1160,0,0,0,0,0,0
1161,0,0,0,0,0,0
1162,0,0,0,0,0,0
1163,0,0,0,0,0,0
1164,0,0,0,0,0,0
1165,0,0,0,0,0,0
1166,0,0,0,0,0,0
1167,0,0,0,0,0,0
1168,0,0,0,0,0,0
1169,0,0,0,0,0,0
1170,0,0,0,0,0,0
1171,0,0,0,0,0,0
1172,0,0,0,0,0,0
1173,0,0,0,0,0,0
1174,0,0,0,0,0,0
1175,0,0,0,0,0,0
1176,0,0,0,0,0,0
1177,0,0,0,0,0,0
1178,0,0,0,0,0,0
1179,0,0,0,0,0,0
1180,0,0,0,0,0,0
1181,0,0,0,0,0,0
1182,0,0,0,0,0,0
1183,0,0,0,0,0,0
1184,0,0,0,0,0,0
1185,0,0,0,0,0,0
1186,0,0,0,0,0,0
1187,0,0,0,0,0,0
1188,0,0,0,0,0,0
1189,0,0,0,0,0,0
1190,0,0,0,0,0,0
1191,0,0,0,0,0,0
1192,0,0,0,0,0,0
1193,0,0,0,0,0,0
1194,0,0,0,0,0,0
1195,0,0,0,0,0,0
1196,0,0,0,0,0,0
1197,0,0,0,0,0,0
1198,0,0,0,0,0,0
1199,0,0,0,0,0,0
1200,0,0,0,0,0,0
1201,0,0,0,0,0,0
1202,0,0,0,0,0,0
1203,0,0,0,0,0,0
1204,0,0,0,0,0,0
1205,0,0,0,0,0,0
1206,0,0,0,0,0,0
1207,0,0,0,0,0,0
1208,0,0,0,0,0,0
1209,0,0,0,0,0,0
1210,0,0,0,0,0,0
1211,0,0,0,0,0,0
1212,0,0,0,0,0,0
1213,0,0,0,0,0,0
1214,0,0,0,0,0,0
1215,0,0,0,0,0,0
1216,0,0,0,0,0,0
1217,0,0,0,0,0,0
1218,0,0,0,0,0,0
1219,0,0,0,0,0,0
1220,0,0,0,0,0,0
1221,0,0,0,0,0,0
1222,0,0,0,0,0,0
1223,0,0,0,0,0,0
1224,0,0,0,0,0,0
1225,0,0,0,0,0,0
1226,0,0,0,0,0,0
1227,0,0,0,0,0,0
1228,0,0,0,0,0,0
1229,0,0,0,0,0,0
1230,0,0,0,0,0,0
1231,0,0,0,0,0,0
1232,0,0,0,0,0,0
1233,0,0,0,0,0,0
1234,0,0,0,0,0,0
1235,0,0,0,0,0,0
1236,0,0,0,0,0,0
1237,0,0,0,0,0,0
1238,0,0,0,0,0,0
1239,0,0,0,0,0,0
1240,0,0,0,0,0,0
1241,0,0,0,0,0,0
1242,0,0,0,0,0,0
1243,0,0,0,0,0,0
1244,0,0,0,0,0,0
1245,0,0,0,0,0,0
1246,0,0,0,0,0,0
1247,0,0,0,0,0,0
1248,0,0,0,0,0,0
1249,0,0,0,0,0,0
1250,0,0,0,0,0,0
1251,0,0,0,0,0,0
1252,0,0,0,0,0,0
1253,0,0,0,0,0,0
1254,0,0,0,0,0,0
1255,0,0,0,0,0,0
1256,0,0,0,0,0,0
1257,0,0,0,0,0,0
1258,0,0,0,0,0,0
1259,0,0,0,0,0,0
1260,0,0,0,0,0,0
1261,0,0,0,0,0,0
1262,0,0,0,0,0,0
1263,0,0,0,0,0,0
1264,0,0,0,0,0,0
1265,0,0,0,0,0,0
1266,0,0,0,0,0,0
1267,0,0,0,0,0,0
1268,0,0,0,0,0,0
1269,0,0,0,0,0,0
1270,0,0,0,0,0,0
1271,0,0,0,0,0,0
1272,0,0,0,0,0,0
1273,0,0,0,0,0,0
1274,0,0,0,0,0,0
1275,0,0,0,0,0,0
1276,0,0,0,0,0,0
1277,0,0,0,0,0,0
1278,0,0,0,0,0,0
1279,0,0,0,0,0,0
1280,1,30,1,167772160,512,0
1281,2,11,4,117440512,226,0
1282,3,6,2,16777216,86,0
1283,4,5,4,100663296,75,0
1284,-1,-1,4294967295,0,21,1
1285,-1,-1,4294967295,0,54,1
1286,7,8,1,50331648,11,0
1287,-1,-1,4294967295,0,8,1
1288,9,10,0,436207616,3,0
1289,-1,-1,4294967295,0,1,1
1290,-1,-1,4294967295,0,2,1
1291,12,29,0,553648128,140,0
1292,13,20,4,134217728,48,0
1293,14,19,1,50331648,28,0
1294,15,16,0,503316480,22,0
1295,-1,-1,4294967295,0,11,1
1296,17,18,0,520093696,11,0
1297,-1,-1,4294967295,0,5,1
1298,-1,-1,4294967295,0,6,1
1299,-1,-1,4294967295,0,6,1
1300,21,28,3,419430400,20,0
1301,22,27,2,67108864,13,0
1302,23,26,3,385875968,8,0
1303,24,25,2,33554432,2,0
1304,-1,-1,4294967295,0,1,1
1305,-1,-1,4294967295,0,1,1
1306,-1,-1,4294967295,0,6,1
1307,-1,-1,4294967295,0,5,1
1308,-1,-1,4294967295,0,7,1
1309,-1,-1,4294967295,0,92,1
1310,31,42,0,268435456,286,0
1311,32,39,3,234881024,283,0
1312,33,34,3,184549376,215,0
1313,-1,-1,4294967295,0,2,1
1314,35,38,0,201326592,213,0
1315,36,37,1,318767104,169,0
1316,-1,-1,4294967295,0,56,1
1317,-1,-1,4294967295,0,113,1
1318,-1,-1,4294967295,0,44,1
1319,40,41,2,251658240,68,0
1320,-1,-1,4294967295,0,1,1
1321,-1,-1,4294967295,0,67,1
1322,-1,-1,4294967295,0,3,1
1323,44,45,4,134217728,52,0
1324,-1,-1,4294967295,0,36,1
1325,-1,-1,4294967295,0,16,1
1326,47,50,3,469762048,17,0
1327,48,49,0,587202560,2,0
1328,-1,-1,4294967295,0,1,1
1329,-1,-1,4294967295,0,1,1
1330,51,52,3,503316480,15,0
1331,-1,-1,4294967295,0,11,1
1332,-1,-1,4294967295,0,4,1
1333,0,0,0,0,0,0
1334,0,0,0,0,0,0
1335,0,0,0,0,0,0
1336,0,0,0,0,0,0
1337,0,0,0,0,0,0
1338,0,0,0,0,0,0
1339,0,0,0,0,0,0
1340,0,0,0,0,0,0
1341,0,0,0,0,0,0
1342,0,0,0,0,0,0
1343,0,0,0,0,0,0
1344,0,0,0,0,0,0
1345,0,0,0,0,0,0
1346,0,0,0,0,0,0
1347,0,0,0,0,0,0
1348,0,0,0,0,0,0
1349,0,0,0,0,0,0
1350,0,0,0,0,0,0
1351,0,0,0,0,0,0
1352,0,0,0,0,0,0
1353,0,0,0,0,0,0
1354,0,0,0,0,0,0
1355,0,0,0,0,0,0
1356,0,0,0,0,0,0
1357,0,0,0,0,0,0
1358,0,0,0,0,0,0
1359,0,0,0,0,0,0
1360,0,0,0,0,0,0
1361,0,0,0,0,0,0
1362,0,0,0,0,0,0
1363,0,0,0,0,0,0
1364,0,0,0,0,0,0
1365,0,0,0,0,0,0
1366,0,0,0,0,0,0
1367,0,0,0,0,0,0
1368,0,0,0,0,0,0
1369,0,0,0,0,0,0
1370,0,0,0,0,0,0
1371,0,0,0,0,0,0
1372,0,0,0,0,0,0
1373,0,0,0,0,0,0
1374,0,0,0,0,0,0
1375,0,0,0,0,0,0
1376,0,0,0,0,0,0
1377,0,0,0,0,0,0
1378,0,0,0,0,0,0
1379,0,0,0,0,0,0
1380,0,0,0,0,0,0
1381,0,0,0,0,0,0
1382,0,0,0,0,0,0
1383,0,0,0,0,0,0
1384,0,0,0,0,0,0
1385,0,0,0,0,0,0
1386,0,0,0,0,0,0
1387,0,0,0,0,0,0
1388,0,0,0,0,0,0
1389,0,0,0,0,0,0
1390,0,0,0,0,0,0
1391,0,0,0,0,0,0
1392,0,0,0,0,0,0
1393,0,0,0,0,0,0
1394,0,0,0,0,0,0
1395,0,0,0,0,0,0
1396,0,0,0,0,0,0
1397,0,0,0,0,0,0
1398,0,0,0,0,0,0
1399,0,0,0,0,0,0
1400,0,0,0,0,0,0
1401,0,0,0,0,0,0
1402,0,0,0,0,0,0
1403,0,0,0,0,0,0
1404,0,0,0,0,0,0
1405,0,0,0,0,0,0
1406,0,0,0,0,0,0
1407,0,0,0,0,0,0
1408,0,0,0,0,0,0
1409,0,0,0,0,0,0
1410,0,0,0,0,0,0
1411,0,0,0,0,0,0
1412,0,0,0,0,0,0
1413,0,0,0,0,0,0
1414,0,0,0,0,0,0
1415,0,0,0,0,0,0
1416,0,0,0,0,0,0
1417,0,0,0,0,0,0
1418,0,0,0,0,0,0
1419,0,0,0,0,0,0
1420,0,0,0,0,0,0
1421,0,0,0,0,0,0
1422,0,0,0,0,0,0
1423,0,0,0,0,0,0
1424,0,0,0,0,0,0
1425,0,0,0,0,0,0
1426,0,0,0,0,0,0
1427,0,0,0,0,0,0
1428,0,0,0,0,0,0
1429,0,0,0,0,0,0
1430,0,0,0,0,0,0
1431,0,0,0,0,0,0
1432,0,0,0,0,0,0
1433,0,0,0,0,0,0
1434,0,0,0,0,0,0
1435,0,0,0,0,0,0
1436,0,0,0,0,0,0
1437,0,0,0,0,0,0
1438,0,0,0,0,0,0
1439,0,0,0,0,0,0
1440,0,0,0,0,0,0
1441,0,0,0,0,0,0
1442,0,0,0,0,0,0
1443,0,0,0,0,0,0
1444,0,0,0,0,0,0
1445,0,0,0,0,0,0
1446,0,0,0,0,0,0
1447,0,0,0,0,0,0
1448,0,0,0,0,0,0
1449,0,0,0,0,0,0
1450,0,0,0,0,0,0
1451,0,0,0,0,0,0
1452,0,0,0,0,0,0
1453,0,0,0,0,0,0
1454,0,0,0,0,0,0
1455,0,0,0,0,0,0
1456,0,0,0,0,0,0
1457,0,0,0,0,0,0
1458,0,0,0,0,0,0
1459,0,0,0,0,0,0
1460,0,0,0,0,0,0
1461,0,0,0,0,0,0
1462,0,0,0,0,0,0
1463,0,0,0,0,0,0
1464,0,0,0,0,0,0
1465,0,0,0,0,0,0
1466,0,0,0,0,0,0
1467,0,0,0,0,0,0
1468,0,0,0,0,0,0
1469,0,0,0,0,0,0
1470,0,0,0,0,0,0
1471,0,0,0,0,0,0
1472,0,0,0,0,0,0
1473,0,0,0,0,0,0
1474,0,0,0,0,0,0
1475,0,0,0,0,0,0
1476,0,0,0,0,0,0
1477,0,0,0,0,0,0
1478,0,0,0,0,0,0
1479,0,0,0,0,0,0
1480,0,0,0,0,0,0
1481,0,0,0,0,0,0
1482,0,0,0,0,0,0
1483,0,0,0,0,0,0
1484,0,0,0,0,0,0
1485,0,0,0,0,0,0
1486,0,0,0,0,0,0
1487,0,0,0,0,0,0
1488,0,0,0,0,0,0
1489,0,0,0,0,0,0
1490,0,0,0,0,0,0
1491,0,0,0,0,0,0
1492,0,0,0,0,0,0
1493,0,0,0,0,0,0
1494,0,0,0,0,0,0
1495,0,0,0,0,0,0
1496,0,0,0,0,0,0
1497,0,0,0,0,0,0
1498,0,0,0,0,0,0
1499,0,0,0,0,0,0
1500,0,0,0,0,0,0
1501,0,0,0,0,0,0
1502,0,0,0,0,0,0
1503,0,0,0,0,0,0
1504,0,0,0,0,0,0
1505,0,0,0,0,0,0
1506,0,0,0,0,0,0
1507,0,0,0,0,0,0
1508,0,0,0,0,0,0
1509,0,0,0,0,0,0
1510,0,0,0,0,0,0
1511,0,0,0,0,0,0
1512,0,0,0,0,0,0
1513,0,0,0,0,0,0
1514,0,0,0,0,0,0
1515,0,0,0,0,0,0
1516,0,0,0,0,0,0
1517,0,0,0,0,0,0
1518,0,0,0,0,0,0
1519,0,0,0,0,0,0
1520,0,0,0,0,0,0
1521,0,0,0,0,0,0
1522,0,0,0,0,0,0
1523,0,0,0,0,0,0
1524,0,0,0,0,0,0
1525,0,0,0,0,0,0
1526,0,0,0,0,0,0
1527,0,0,0,0,0,0
1528,0,0,0,0,0,0
1529,0,0,0,0,0,0
1530,0,0,0,0,0,0
1531,0,0,0,0,0,0
1532,0,0,0,0,0,0
1533,0,0,0,0,0,0
1534,0,0,0,0,0,0
1535,0,0,0,0,0,0
1536,1,2,0,419430400,512,0
1537,-1,-1,4294967295,0,303,1
1538,3,10,3,436207616,209,0
1539,4,9,2,83886080,42,0
1540,5,6,4,150994944,39,0
1541,-1,-1,4294967295,0,33,1
1542,7,8,2,50331648,6,0
1543,-1,-1,4294967295,0,3,1
1544,-1,-1,4294967295,0,3,1
1545,-1,-1,4294967295,0,3,1
1546,11,14,1,16777216,167,0
1547,12,13,3,469762048,158,0
1548,-1,-1,4294967295,0,9,1
1549,-1,-1,4294967295,0,149,1
1550,15,16,4,100663296,9,0
1551,-1,-1,4294967295,0,2,1
1552,-1,-1,4294967295,0,7,1
1553,18,19,3,385875968,17,0
1554,-1,-1,4294967295,0,2,1
1555,20,23,2,33554432,15,0
1556,21,22,3,419430400,6,0
1557,-1,-1,4294967295,0,2,1
1558,-1,-1,4294967295,0,4,1
1559,-1,-1,4294967295,0,9,1
1560,25,26,2,50331648,12,0
1561,-1,-1,4294967295,0,3,1
1562,-1,-1,4294967295,0,9,1
1563,-1,-1,4294967295,0,2,1
1564,-1,-1,4294967295,0,279,1
1565,0,0,0,0,0,0
1566,0,0,0,0,0,0
1567,0,0,0,0,0,0
1568,0,0,0,0,0,0
1569,0,0,0,0,0,0
1570,0,0,0,0,0,0
1571,0,0,0,0,0,0
1572,0,0,0,0,0,0
1573,0,0,0,0,0,0
1574,0,0,0,0,0,0
1575,0,0,0,0,0,0
1576,0,0,0,0,0,0
1577,0,0,0,0,0,0
1578,0,0,0,0,0,0
1579,0,0,0,0,0,0
1580,0,0,0,0,0,0
1581,0,0,0,0,0,0
1582,0,0,0,0,0,0
1583,0,0,0,0,0,0
1584,0,0,0,0,0,0
1585,0,0,0,0,0,0
1586,0,0,0,0,0,0
1587,0,0,0,0,0,0
1588,0,0,0,0,0,0
1589,0,0,0,0,0,0
1590,0,0,0,0,0,0
1591,0,0,0,0,0,0
1592,0,0,0,0,0,0
1593,0,0,0,0,0,0
1594,0,0,0,0,0,0
1595,0,0,0,0,0,0
1596,0,0,0,0,0,0
1597,0,0,0,0,0,0
1598,0,0,0,0,0,0
1599,0,0,0,0,0,0
1600,0,0,0,0,0,0
1601,0,0,0,0,0,0
1602,0,0,0,0,0,0
1603,0,0,0,0,0,0
1604,0,0,0,0,0,0
1605,0,0,0,0,0,0
1606,0,0,0,0,0,0
1607,0,0,0,0,0,0
1608,0,0,0,0,0,0
1609,0,0,0,0,0,0
1610,0,0,0,0,0,0
1611,0,0,0,0,0,0
1612,0,0,0,0,0,0
1613,0,0,0,0,0,0
1614,0,0,0,0,0,0
1615,0,0,0,0,0,0
1616,0,0,0,0,0,0
1617,0,0,0,0,0,0
1618,0,0,0,0,0,0
1619,0,0,0,0,0,0
1620,0,0,0,0,0,0
1621,0,0,0,0,0,0
1622,0,0,0,0,0,0
1623,0,0,0,0,0,0
1624,0,0,0,0,0,0
1625,0,0,0,0,0,0
1626,0,0,0,0,0,0
1627,0,0,0,0,0,0
1628,0,0,0,0,0,0
1629,0,0,0,0,0,0
1630,0,0,0,0,0,0
1631,0,0,0,0,0,0
1632,0,0,0,0,0,0
1633,0,0,0,0,0,0
1634,0,0,0,0,0,0
1635,0,0,0,0,0,0
1636,0,0,0,0,0,0
1637,0,0,0,0,0,0
1638,0,0,0,0,0,0
1639,0,0,0,0,0,0
1640,0,0,0,0,0,0
1641,0,0,0,0,0,0
1642,0,0,0,0,0,0
1643,0,0,0,0,0,0
1644,0,0,0,0,0,0
1645,0,0,0,0,0,0
1646,0,0,0,0,0,0
1647,0,0,0,0,0,0
1648,0,0,0,0,0,0
1649,0,0,0,0,0,0
1650,0,0,0,0,0,0
1651,0,0,0,0,0,0
1652,0,0,0,0,0,0
1653,0,0,0,0,0,0
1654,0,0,0,0,0,0
1655,0,0,0,0,0,0
1656,0,0,0,0,0,0
1657,0,0,0,0,0,0
1658,0,0,0,0,0,0
1659,0,0,0,0,0,0
1660,0,0,0,0,0,0
1661,0,0,0,0,0,0
1662,0,0,0,0,0,0
1663,0,0,0,0,0,0
1664,0,0,0,0,0,0
1665,0,0,0,0,0,0
1666,0,0,0,0,0,0
1667,0,0,0,0,0,0
1668,0,0,0,0,0,0
1669,0,0,0,0,0,0
1670,0,0,0,0,0,0
1671,0,0,0,0,0,0
1672,0,0,0,0,0,0
1673,0,0,0,0,0,0
1674,0,0,0,0,0,0
1675,0,0,0,0,0,0
1676,0,0,0,0,0,0
1677,0,0,0,0,0,0
1678,0,0,0,0,0,0
1679,0,0,0,0,0,0
1680,0,0,0,0,0,0
1681,0,0,0,0,0,0
1682,0,0,0,0,0,0
1683,0,0,0,0,0,0
1684,0,0,0,0,0,0
1685,0,0,0,0,0,0
1686,0,0,0,0,0,0
1687,0,0,0,0,0,0
1688,0,0,0,0,0,0
1689,0,0,0,0,0,0
1690,0,0,0,0,0,0
1691,0,0,0,0,0,0
1692,0,0,0,0,0,0
1693,0,0,0,0,0,0
1694,0,0,0,0,0,0
1695,0,0,0,0,0,0
1696,0,0,0,0,0,0
1697,0,0,0,0,0,0
1698,0,0,0,0,0,0
1699,0,0,0,0,0,0
1700,0,0,0,0,0,0
1701,0,0,0,0,0,0
1702,0,0,0,0,0,0
1703,0,0,0,0,0,0
1704,0,0,0,0,0,0
1705,0,0,0,0,0,0
1706,0,0,0,0,0,0
1707,0,0,0,0,0,0
1708,0,0,0,0,0,0
1709,0,0,0,0,0,0
1710,0,0,0,0,0,0
1711,0,0,0,0,0,0
1712,0,0,0,0,0,0
1713,0,0,0,0,0,0
1714,0,0,0,0,0,0
1715,0,0,0,0,0,0
1716,0,0,0,0,0,0
1717,0,0,0,0,0,0
1718,0,0,0,0,0,0
1719,0,0,0,0,0,0
1720,0,0,0,0,0,0
1721,0,0,0,0,0,0
1722,0,0,0,0,0,0
1723,0,0,0,0,0,0
1724,0,0,0,0,0,0
1725,0,0,0,0,0,0
1726,0,0,0,0,0,0
1727,0,0,0,0,0,0
1728,0,0,0,0,0,0
1729,0,0,0,0,0,0
1730,0,0,0,0,0,0
1731,0,0,0,0,0,0
1732,0,0,0,0,0,0
1733,0,0,0,0,0,0
1734,0,0,0,0,0,0
1735,0,0,0,0,0,0
1736,0,0,0,0,0,0
1737,0,0,0,0,0,0
1738,0,0,0,0,0,0
1739,0,0,0,0,0,0
1740,0,0,0,0,0,0
1741,0,0,0,0,0,0
1742,0,0,0,0,0,0
1743,0,0,0,0,0,0
1744,0,0,0,0,0,0
1745,0,0,0,0,0,0
1746,0,0,0,0,0,0
1747,0,0,0,0,0,0
1748,0,0,0,0,0,0
1749,0,0,0,0,0,0
1750,0,0,0,0,0,0
1751,0,0,0,0,0,0
1752,0,0,0,0,0,0
1753,0,0,0,0,0,0
1754,0,0,0,0,0,0
1755,0,0,0,0,0,0
1756,0,0,0,0,0,0
1757,0,0,0,0,0,0
1758,0,0,0,0,0,0
1759,0,0,0,0,0,0
1760,0,0,0,0,0,0
1761,0,0,0,0,0,0
1762,0,0,0,0,0,0
1763,0,0,0,0,0,0
1764,0,0,0,0,0,0
1765,0,0,0,0,0,0
1766,0,0,0,0,0,0
1767,0,0,0,0,0,0
1768,0,0,0,0,0,0
1769,0,0,0,0,0,0
1770,0,0,0,0,0,0
1771,0,0,0,0,0,0
1772,0,0,0,0,0,0
1773,0,0,0,0,0,0
1774,0,0,0,0,0,0
1775,0,0,0,0,0,0
1776,0,0,0,0,0,0
1777,0,0,0,0,0,0
1778,0,0,0,0,0,0
1779,0,0,0,0,0,0
1780,0,0,0,0,0,0
1781,0,0,0,0,0,0
1782,0,0,0,0,0,0
1783,0,0,0,0,0,0
1784,0,0,0,0,0,0
1785,0,0,0,0,0,0
1786,0,0,0,0,0,0
1787,0,0,0,0,0,0
1788,0,0,0,0,0,0
1789,0,0,0,0,0,0
1790,0,0,0,0,0,0
1791,0,0,0,0,0,0
1792,1,38,0,620756992,512,0
1793,2,11,3,268435456,460,0
1794,3,4,2,268435456,296,0
1795,-1,-1,4294967295,0,11,1
1796,5,8,0,201326592,285,0
1797,6,7,1,335544320,193,0
1798,-1,-1,4294967295,0,114,1
1799,-1,-1,4294967295,0,79,1
1800,9,10,2,285212672,92,0
1801,-1,-1,4294967295,0,47,1
1802,-1,-1,4294967295,0,45,1
1803,12,35,2,100663296,164,0
1804,13,32,1,67108864,162,0
1805,14,15,3,385875968,147,0
1806,-1,-1,4294967295,0,2,1
1807,16,23,4,100663296,145,0
1808,17,22,3,486539264,34,0
1809,18,19,3,452984832,8,0
1810,-1,-1,4294967295,0,2,1
1811,20,21,1,16777216,6,0
1812,-1,-1,4294967295,0,1,1
1813,-1,-1,4294967295,0,5,1
1814,-1,-1,4294967295,0,26,1
1815,24,29,1,33554432,111,0
1816,25,28,2,33554432,101,0
1817,26,27,3,469762048,99,0
1818,-1,-1,4294967295,0,14,1
1819,-1,-1,4294967295,0,85,1
1820,-1,-1,4294967295,0,2,1
1821,30,31,2,16777216,10,0
1822,-1,-1,4294967295,0,2,1
1823,-1,-1,4294967295,0,8,1
1824,33,34,4,100663296,15,0
1825,-1,-1,4294967295,0,2,1
1826,-1,-1,4294967295,0,13,1
1827,36,37,1,201326592,2,0
1828,-1,-1,4294967295,0,1,1
1829,-1,-1,4294967295,0,1,1
1830,39,40,4,117440512,52,0
1831,-1,-1,4294967295,0,21,1
1832,41,44,0,654311424,31,0
1833,42,43,4,134217728,29,0
1834,-1,-1,4294967295,0,16,1
1835,-1,-1,4294967295,0,13,1
1836,-1,-1,4294967295,0,2,1
1837,0,0,0,0,0,0
1838,0,0,0,0,0,0
1839,0,0,0,0,0,0
1840,0,0,0,0,0,0
1841,0,0,0,0,0,0
1842,0,0,0,0,0,0
1843,0,0,0,0,0,0
1844,0,0,0,0,0,0
1845,0,0,0,0,0,0
1846,0,0,0,0,0,0
1847,0,0,0,0,0,0
1848,0,0,0,0,0,0
1849,0,0,0,0,0,0
1850,0,0,0,0,0,0
1851,0,0,0,0,0,0
1852,0,0,0,0,0,0
1853,0,0,0,0,0,0
1854,0,0,0,0,0,0
1855,0,0,0,0,0,0
1856,0,0,0,0,0,0
1857,0,0,0,0,0,0
1858,0,0,0,0,0,0
1859,0,0,0,0,0,0
1860,0,0,0,0,0,0
1861,0,0,0,0,0,0
1862,0,0,0,0,0,0
1863,0,0,0,0,0,0
1864,0,0,0,0,0,0
1865,0,0,0,0,0,0
1866,0,0,0,0,0,0
1867,0,0,0,0,0,0
1868,0,0,0,0,0,0
1869,0,0,0,0,0,0
1870,0,0,0,0,0,0
1871,0,0,0,0,0,0
1872,0,0,0,0,0,0
1873,0,0,0,0,0,0
1874,0,0,0,0,0,0
1875,0,0,0,0,0,0
1876,0,0,0,0,0,0
1877,0,0,0,0,0,0
1878,0,0,0,0,0,0
1879,0,0,0,0,0,0
1880,0,0,0,0,0,0
1881,0,0,0,0,0,0
1882,0,0,0,0,0,0
1883,0,0,0,0,0,0
1884,0,0,0,0,0,0
1885,0,0,0,0,0,0
1886,0,0,0,0,0,0
1887,0,0,0,0,0,0
1888,0,0,0,0,0,0
1889,0,0,0,0,0,0
1890,0,0,0,0,0,0
1891,0,0,0,0,0,0
1892,0,0,0,0,0,0
1893,0,0,0,0,0,0
1894,0,0,0,0,0,0
1895,0,0,0,0,0,0
1896,0,0,0,0,0,0
1897,0,0,0,0,0,0
1898,0,0,0,0,0,0
1899,0,0,0,0,0,0
1900,0,0,0,0,0,0
1901,0,0,0,0,0,0
1902,0,0,0,0,0,0
1903,0,0,0,0,0,0
1904,0,0,0,0,0,0
1905,0,0,0,0,0,0
1906,0,0,0,0,0,0
1907,0,0,0,0,0,0
1908,0,0,0,0,0,0
1909,0,0,0,0,0,0
1910,0,0,0,0,0,0
1911,0,0,0,0,0,0
1912,0,0,0,0,0,0
1913,0,0,0,0,0,0
1914,0,0,0,0,0,0
1915,0,0,0,0,0,0
1916,0,0,0,0,0,0
1917,0,0,0,0,0,0
1918,0,0,0,0,0,0
1919,0,0,0,0,0,0
1920,0,0,0,0,0,0
1921,0,0,0,0,0,0
1922,0,0,0,0,0,0
1923,0,0,0,0,0,0
1924,0,0,0,0,0,0
1925,0,0,0,0,0,0
1926,0,0,0,0,0,0
1927,0,0,0,0,0,0
1928,0,0,0,0,0,0
1929,0,0,0,0,0,0
1930,0,0,0,0,0,0
1931,0,0,0,0,0,0
1932,0,0,0,0,0,0
1933,0,0,0,0,0,0
1934,0,0,0,0,0,0
1935,0,0,0,0,0,0
1936,0,0,0,0,0,0
1937,0,0,0,0,0,0
1938,0,0,0,0,0,0
1939,0,0,0,0,0,0
1940,0,0,0,0,0,0
1941,0,0,0,0,0,0
1942,0,0,0,0,0,0
1943,0,0,0,0,0,0
1944,0,0,0,0,0,0
1945,0,0,0,0,0,0
1946,0,0,0,0,0,0
1947,0,0,0,0,0,0
1948,0,0,0,0,0,0
1949,0,0,0,0,0,0
1950,0,0,0,0,0,0
1951,0,0,0,0,0,0
1952,0,0,0,0,0,0
1953,0,0,0,0,0,0
1954,0,0,0,0,0,0
1955,0,0,0,0,0,0
1956,0,0,0,0,0,0
1957,0,0,0,0,0,0
1958,0,0,0,0,0,0
1959,0,0,0,0,0,0
1960,0,0,0,0,0,0
1961,0,0,0,0,0,0
1962,0,0,0,0,0,0
1963,0,0,0,0,0,0
1964,0,0,0,0,0,0
1965,0,0,0,0,0,0
1966,0,0,0,0,0,0
1967,0,0,0,0,0,0
1968,0,0,0,0,0,0
1969,0,0,0,0,0,0
1970,0,0,0,0,0,0
1971,0,0,0,0,0,0
1972,0,0,0,0,0,0
1973,0,0,0,0,0,0
1974,0,0,0,0,0,0
1975,0,0,0,0,0,0
1976,0,0,0,0,0,0
1977,0,0,0,0,0,0
1978,0,0,0,0,0,0
1979,0,0,0,0,0,0
1980,0,0,0,0,0,0
1981,0,0,0,0,0,0
1982,0,0,0,0,0,0
1983,0,0,0,0,0,0
1984,0,0,0,0,0,0
1985,0,0,0,0,0,0
1986,0,0,0,0,0,0
1987,0,0,0,0,0,0
1988,0,0,0,0,0,0
1989,0,0,0,0,0,0
1990,0,0,0,0,0,0
1991,0,0,0,0,0,0
1992,0,0,0,0,0,0
1993,0,0,0,0,0,0
1994,0,0,0,0,0,0
1995,0,0,0,0,0,0
1996,0,0,0,0,0,0
1997,0,0,0,0,0,0
1998,0,0,0,0,0,0
1999,0,0,0,0,0,0
2000,0,0,0,0,0,0
2001,0,0,0,0,0,0
2002,0,0,0,0,0,0
2003,0,0,0,0,0,0
2004,0,0,0,0,0,0
2005,0,0,0,0,0,0
2006,0,0,0,0,0,0
2007,0,0,0,0,0,0
2008,0,0,0,0,0,0
2009,0,0,0,0,0,0
2010,0,0,0,0,0,0
2011,0,0,0,0,0,0
2012,0,0,0,0,0,0
2013,0,0,0,0,0,0
2014,0,0,0,0,0,0
2015,0,0,0,0,0,0
2016,0,0,0,0,0,0
2017,0,0,0,0,0,0
2018,0,0,0,0,0,0
2019,0,0,0,0,0,0
2020,0,0,0,0,0,0
2021,0,0,0,0,0,0
2022,0,0,0,0,0,0
2023,0,0,0,0,0,0
2024,0,0,0,0,0,0
2025,0,0,0,0,0,0
2026,0,0,0,0,0,0
2027,0,0,0,0,0,0
2028,0,0,0,0,0,0
2029,0,0,0,0,0,0
2030,0,0,0,0,0,0
2031,0,0,0,0,0,0
2032,0,0,0,0,0,0
2033,0,0,0,0,0,0
2034,0,0,0,0,0,0
2035,0,0,0,0,0,0
2036,0,0,0,0,0,0
2037,0,0,0,0,0,0
2038,0,0,0,0,0,0
2039,0,0,0,0,0,0
2040,0,0,0,0,0,0
2041,0,0,0,0,0,0
2042,0,0,0,0,0,0
2043,0,0,0,0,0,0
2044,0,0,0,0,0,0
2045,0,0,0,0,0,0
2046,0,0,0,0,0,0
2047,0,0,0,0,0,0
2048,1,26,4,117440512,512,0
2049,2,25,1,301989888,380,0
2050,3,24,0,637534208,197,0
2051,4,21,1,268435456,189,0
2052,5,6,0,218103808,112,0
2053,-1,-1,4294967295,0,7,1
2054,7,18,0,536870912,105,0
2055,8,15,2,184549376,29,0
2056,9,12,2,67108864,11,0
2057,10,11,0,486539264,9,0
2058,-1,-1,4294967295,0,4,1
2059,-1,-1,4294967295,0,5,1
2060,13,14,3,335544320,2,0
2061,-1,-1,4294967295,0,1,1
2062,-1,-1,4294967295,0,1,1
2063,16,17,1,234881024,18,0
2064,-1,-1,4294967295,0,4,1
2065,-1,-1,4294967295,0,14,1
2066,19,20,3,503316480,76,0
2067,-1,-1,4294967295,0,29,1
2068,-1,-1,4294967295,0,47,1
2069,22,23,3,234881024,77,0
2070,-1,-1,4294967295,0,44,1
2071,-1,-1,4294967295,0,33,1
2072,-1,-1,4294967295,0,8,1
2073,-1,-1,4294967295,0,183,1
2074,27,60,1,134217728,132,0
2075,28,31,0,452984832,130,0
2076,29,30,1,67108864,11,0
2077,-1,-1,4294967295,0,7,1
2078,-1,-1,4294967295,0,4,1
2079,32,47,4,134217728,119,0
2080,33,44,0,587202560,64,0
2081,34,41,3,452984832,22,0
2082,35,36,1,16777216,16,0
2083,-1,-1,4294967295,0,5,1
2084,37,40,2,33554432,11,0
2085,38,39,0,486539264,6,0
2086,-1,-1,4294967295,0,1,1
2087,-1,-1,4294967295,0,5,1
2088,-1,-1,4294967295,0,5,1
2089,42,43,0,536870912,6,0
2090,-1,-1,4294967295,0,1,1
2091,-1,-1,4294967295,0,5,1
2092,45,46,0,654311424,42,0
2093,-1,-1,4294967295,0,40,1
2094,-1,-1,4294967295,0,2,1
2095,48,59,2,33554432,55,0
2096,49,56,3,469762048,51,0
2097,50,55,4,150994944,10,0
2098,51,54,0,570425344,8,0
2099,52,53,2,16777216,6,0
2100,-1,-1,4294967295,0,3,1
2101,-1,-1,4294967295,0,3,1
2102,-1,-1,4294967295,0,2,1
2103,-1,-1,4294967295,0,2,1
2104,57,58,4,150994944,41,0
2105,-1,-1,4294967295,0,30,1
2106,-1,-1,4294967295,0,11,1
2107,-1,-1,4294967295,0,4,1
2108,-1,-1,4294967295,0,2,1
2109,0,0,0,0,0,0
2110,0,0,0,0,0,0
2111,0,0,0,0,0,0
2112,0,0,0,0,0,0
2113,0,0,0,0,0,0
2114,0,0,0,0,0,0
2115,0,0,0,0,0,0
2116,0,0,0,0,0,0
2117,0,0,0,0,0,0
2118,0,0,0,0,0,0
2119,0,0,0,0,0,0
2120,0,0,0,0,0,0
2121,0,0,0,0,0,0
2122,0,0,0,0,0,0
2123,0,0,0,0,0,0
2124,0,0,0,0,0,0
2125,0,0,0,0,0,0
2126,0,0,0,0,0,0
2127,0,0,0,0,0,0
2128,0,0,0,0,0,0
2129,0,0,0,0,0,0
2130,0,0,0,0,0,0
2131,0,0,0,0,0,0
2132,0,0,0,0,0,0
2133,0,0,0,0,0,0
2134,0,0,0,0,0,0
2135,0,0,0,0,0,0
2136,0,0,0,0,0,0
2137,0,0,0,0,0,0
2138,0,0,0,0,0,0
2139,0,0,0,0,0,0
2140,0,0,0,0,0,0
2141,0,0,0,0,0,0
2142,0,0,0,0,0,0
2143,0,0,0,0,0,0
2144,0,0,0,0,0,0
2145,0,0,0,0,0,0
2146,0,0,0,0,0,0
2147,0,0,0,0,0,0
2148,0,0,0,0,0,0
2149,0,0,0,0,0,0
2150,0,0,0,0,0,0
2151,0,0,0,0,0,0
2152,0,0,0,0,0,0
2153,0,0,0,0,0,0
2154,0,0,0,0,0,0
2155,0,0,0,0,0,0
2156,0,0,0,0,0,0
2157,0,0,0,0,0,0
2158,0,0,0,0,0,0
2159,0,0,0,0,0,0
2160,0,0,0,0,0,0
2161,0,0,0,0,0,0
2162,0,0,0,0,0,0
2163,0,0,0,0,0,0
2164,0,0,0,0,0,0
2165,0,0,0,0,0,0
2166,0,0,0,0,0,0
2167,0,0,0,0,0,0
2168,0,0,0,0,0,0
2169,0,0,0,0,0,0
2170,0,0,0,0,0,0
2171,0,0,0,0,0,0
2172,0,0,0,0,0,0
2173,0,0,0,0,0,0
2174,0,0,0,0,0,0
2175,0,0,0,0,0,0
2176,0,0,0,0,0,0
2177,0,0,0,0,0,0
2178,0,0,0,0,0,0
2179,0,0,0,0,0,0
2180,0,0,0,0,0,0
2181,0,0,0,0,0,0
2182,0,0,0,0,0,0
2183,0,0,0,0,0,0
2184,0,0,0,0,0,0
2185,0,0,0,0,0,0
2186,0,0,0,0,0,0
2187,0,0,0,0,0,0
2188,0,0,0,0,0,0
2189,0,0,0,0,0,0
2190,0,0,0,0,0,0
2191,0,0,0,0,0,0
2192,0,0,0,0,0,0
2193,0,0,0,0,0,0
2194,0,0,0,0,0,0
2195,0,0,0,0,0,0
2196,0,0,0,0,0,0
2197,0,0,0,0,0,0
2198,0,0,0,0,0,0
2199,0,0,0,0,0,0
2200,0,0,0,0,0,0
2201,0,0,0,0,0,0
2202,0,0,0,0,0,0
2203,0,0,0,0,0,0
2204,0,0,0,0,0,0
2205,0,0,0,0,0,0
2206,0,0,0,0,0,0
2207,0,0,0,0,0,0
2208,0,0,0,0,0,0
2209,0,0,0,0,0,0
2210,0,0,0,0,0,0
2211,0,0,0,0,0,0
2212,0,0,0,0,0,0
2213,0,0,0,0,0,0
2214,0,0,0,0,0,0
2215,0,0,0,0,0,0
2216,0,0,0,0,0,0
2217,0,0,0,0,0,0
2218,0,0,0,0,0,0
2219,0,0,0,0,0,0
2220,0,0,0,0,0,0
2221,0,0,0,0,0,0
2222,0,0,0,0,0,0
2223,0,0,0,0,0,0
2224,0,0,0,0,0,0
2225,0,0,0,0,0,0
2226,0,0,0,0,0,0
2227,0,0,0,0,0,0
2228,0,0,0,0,0,0
2229,0,0,0,0,0,0
2230,0,0,0,0,0,0
2231,0,0,0,0,0,0
2232,0,0,0,0,0,0
2233,0,0,0,0,0,0
2234,0,0,0,0,0,0
2235,0,0,0,0,0,0
2236,0,0,0,0,0,0
2237,0,0,0,0,0,0
2238,0,0,0,0,0,0
2239,0,0,0,0,0,0
2240,0,0,0,0,0,0
2241,0,0,0,0,0,0
2242,0,0,0,0,0,0
2243,0,0,0,0,0,0
2244,0,0,0,0,0,0
2245,0,0,0,0,0,0
2246,0,0,0,0,0,0
2247,0,0,0,0,0,0
2248,0,0,0,0,0,0
2249,0,0,0,0,0,0
2250,0,0,0,0,0,0
2251,0,0,0,0,0,0
2252,0,0,0,0,0,0
2253,0,0,0,0,0,0
2254,0,0,0,0,0,0
2255,0,0,0,0,0,0
2256,0,0,0,0,0,0
2257,0,0,0,0,0,0
2258,0,0,0,0,0,0
2259,0,0,0,0,0,0
2260,0,0,0,0,0,0
2261,0,0,0,0,0,0
2262,0,0,0,0,0,0
2263,0,0,0,0,0,0
2264,0,0,0,0,0,0
2265,0,0,0,0,0,0
2266,0,0,0,0,0,0
2267,0,0,0,0,0,0
2268,0,0,0,0,0,0
2269,0,0,0,0,0,0
2270,0,0,0,0,0,0
2271,0,0,0,0,0,0
2272,0,0,0,0,0,0
2273,0,0,0,0,0,0
2274,0,0,0,0,0,0
2275,0,0,0,0,0,0
2276,0,0,0,0,0,0
2277,0,0,0,0,0,0
2278,0,0,0,0,0,0
2279,0,0,0,0,0,0
2280,0,0,0,0,0,0
2281,0,0,0,0,0,0
2282,0,0,0,0,0,0
2283,0,0,0,0,0,0
2284,0,0,0,0,0,0
2285,0,0,0,0,0,0
2286,0,0,0,0,0,0
2287,0,0,0,0,0,0
2288,0,0,0,0,0,0
2289,0,0,0,0,0,0
2290,0,0,0,0,0,0
2291,0,0,0,0,0,0
2292,0,0,0,0,0,0
2293,0,0,0,0,0,0
2294,0,0,0,0,0,0
2295,0,0,0,0,0,0
2296,0,0,0,0,0,0
2297,0,0,0,0,0,0
2298,0,0,0,0,0,0
2299,0,0,0,0,0,0
2300,0,0,0,0,0,0
2301,0,0,0,0,0,0
2302,0,0,0,0,0,0
2303,0,0,0,0,0,0
2304,1,2,3,184549376,512,0
2305,-1,-1,4294967295,0,9,1
2306,3,40,0,520093696,503,0
2307,4,15,3,318767104,336,0
2308,5,8,2,301989888,271,0
2309,6,7,0,234881024,66,0
2310,-1,-1,4294967295,0,11,1
2311,-1,-1,4294967295,0,55,1
2312,9,14,1,301989888,205,0
2313,10,13,0,201326592,34,0
2314,11,12,1,268435456,25,0
2315,-1,-1,4294967295,0,4,1
2316,-1,-1,4294967295,0,21,1
2317,-1,-1,4294967295,0,9,1
2318,-1,-1,4294967295,0,171,1
2319,16,33,1,83886080,65,0
2320,17,28,3,436207616,57,0
2321,18,25,1,67108864,44,0
2322,19,24,1,50331648,32,0
2323,20,21,1,16777216,25,0
2324,-1,-1,4294967295,0,9,1
2325,22,23,3,402653184,16,0
2326,-1,-1,4294967295,0,7,1
2327,-1,-1,4294967295,0,9,1
2328,-1,-1,4294967295,0,7,1
2329,26,27,4,134217728,12,0
2330,-1,-1,4294967295,0,5,1
2331,-1,-1,4294967295,0,7,1
2332,29,32,3,452984832,13,0
2333,30,31,0,486539264,8,0
2334,-1,-1,4294967295,0,3,1
2335,-1,-1,4294967295,0,5,1
2336,-1,-1,4294967295,0,5,1
2337,34,35,4,100663296,8,0
2338,-1,-1,4294967295,0,2,1
2339,36,39,2,100663296,6,0
2340,37,38,0,419430400,5,0
2341,-1,-1,4294967295,0,1,1
2342,-1,-1,4294967295,0,4,1
2343,-1,-1,4294967295,0,1,1
2344,41,42,3,503316480,167,0
2345,-1,-1,4294967295,0,56,1
2346,-1,-1,4294967295,0,111,1
2347,-1,-1,4294967295,0,8,1
2348,-1,-1,4294967295,0,4,1
2349,0,0,0,0,0,0
2350,0,0,0,0,0,0
2351,0,0,0,0,0,0
2352,0,0,0,0,0,0
2353,0,0,0,0,0,0
2354,0,0,0,0,0,0
2355,0,0,0,0,0,0
2356,0,0,0,0,0,0
2357,0,0,0,0,0,0
2358,0,0,0,0,0,0
2359,0,0,0,0,0,0
2360,0,0,0,0,0,0
2361,0,0,0,0,0,0
2362,0,0,0,0,0,0
2363,0,0,0,0,0,0
2364,0,0,0,0,0,0
2365,0,0,0,0,0,0
2366,0,0,0,0,0,0
2367,0,0,0,0,0,0
2368,0,0,0,0,0,0
2369,0,0,0,0,0,0
2370,0,0,0,0,0,0
2371,0,0,0,0,0,0
2372,0,0,0,0,0,0
2373,0,0,0,0,0,0
2374,0,0,0,0,0,0
2375,0,0,0,0,0,0
2376,0,0,0,0,0,0
2377,0,0,0,0,0,0
2378,0,0,0,0,0,0
2379,0,0,0,0,0,0
2380,0,0,0,0,0,0
2381,0,0,0,0,0,0
2382,0,0,0,0,0,0
2383,0,0,0,0,0,0
2384,0,0,0,0,0,0
2385,0,0,0,0,0,0
2386,0,0,0,0,0,0
2387,0,0,0,0,0,0
2388,0,0,0,0,0,0
2389,0,0,0,0,0,0
2390,0,0,0,0,0,0
2391,0,0,0,0,0,0
2392,0,0,0,0,0,0
2393,0,0,0,0,0,0
2394,0,0,0,0,0,0
2395,0,0,0,0,0,0
2396,0,0,0,0,0,0
2397,0,0,0,0,0,0
2398,0,0,0,0,0,0
2399,0,0,0,0,0,0
2400,0,0,0,0,0,0
2401,0,0,0,0,0,0
2402,0,0,0,0,0,0
2403,0,0,0,0,0,0
2404,0,0,0,0,0,0
2405,0,0,0,0,0,0
2406,0,0,0,0,0,0
2407,0,0,0,0,0,0
2408,0,0,0,0,0,0
2409,0,0,0,0,0,0
2410,0,0,0,0,0,0
2411,0,0,0,0,0,0
2412,0,0,0,0,0,0
2413,0,0,0,0,0,0
2414,0,0,0,0,0,0
2415,0,0,0,0,0,0
2416,0,0,0,0,0,0
2417,0,0,0,0,0,0
2418,0,0,0,0,0,0
2419,0,0,0,0,0,0
2420,0,0,0,0,0,0
2421,0,0,0,0,0,0
2422,0,0,0,0,0,0
2423,0,0,0,0,0,0
2424,0,0,0,0,0,0
2425,0,0,0,0,0,0
2426,0,0,0,0,0,0
2427,0,0,0,0,0,0
2428,0,0,0,0,0,0
2429,0,0,0,0,0,0
2430,0,0,0,0,0,0
2431,0,0,0,0,0,0
2432,0,0,0,0,0,0
2433,0,0,0,0,0,0
2434,0,0,0,0,0,0
2435,0,0,0,0,0,0
2436,0,0,0,0,0,0
2437,0,0,0,0,0,0
2438,0,0,0,0,0,0
2439,0,0,0,0,0,0
2440,0,0,0,0,0,0
2441,0,0,0,0,0,0
2442,0,0,0,0,0,0
2443,0,0,0,0,0,0
2444,0,0,0,0,0,0
2445,0,0,0,0,0,0
2446,0,0,0,0,0,0
2447,0,0,0,0,0,0
2448,0,0,0,0,0,0
2449,0,0,0,0,0,0
2450,0,0,0,0,0,0
2451,0,0,0,0,0,0
2452,0,0,0,0,0,0
2453,0,0,0,0,0,0
2454,0,0,0,0,0,0
2455,0,0,0,0,0,0
2456,0,0,0,0,0,0
2457,0,0,0,0,0,0
2458,0,0,0,0,0,0
2459,0,0,0,0,0,0
2460,0,0,0,0,0,0
2461,0,0,0,0,0,0
2462,0,0,0,0,0,0
2463,0,0,0,0,0,0
2464,0,0,0,0,0,0
2465,0,0,0,0,0,0
2466,0,0,0,0,0,0
2467,0,0,0,0,0,0
2468,0,0,0,0,0,0
2469,0,0,0,0,0,0
2470,0,0,0,0,0,0
2471,0,0,0,0,0,0
2472,0,0,0,0,0,0
2473,0,0,0,0,0,0
2474,0,0,0,0,0,0
2475,0,0,0,0,0,0
2476,0,0,0,0,0,0
2477,0,0,0,0,0,0
2478,0,0,0,0,0,0
2479,0,0,0,0,0,0
2480,0,0,0,0,0,0
2481,0,0,0,0,0,0
2482,0,0,0,0,0,0
2483,0,0,0,0,0,0
2484,0,0,0,0,0,0
2485,0,0,0,0,0,0
2486,0,0,0,0,0,0
2487,0,0,0,0,0,0
2488,0,0,0,0,0,0
2489,0,0,0,0,0,0
2490,0,0,0,0,0,0
2491,0,0,0,0,0,0
2492,0,0,0,0,0,0
2493,0,0,0,0,0,0
2494,0,0,0,0,0,0
2495,0,0,0,0,0,0
2496,0,0,0,0,0,0
2497,0,0,0,0,0,0
2498,0,0,0,0,0,0
2499,0,0,0,0,0,0
2500,0,0,0,0,0,0
2501,0,0,0,0,0,0
2502,0,0,0,0,0,0
2503,0,0,0,0,0,0
2504,0,0,0,0,0,0
2505,0,0,0,0,0,0
2506,0,0,0,0,0,0
2507,0,0,0,0,0,0
2508,0,0,0,0,0,0
2509,0,0,0,0,0,0
2510,0,0,0,0,0,0
2511,0,0,0,0,0,0
2512,0,0,0,0,0,0
2513,0,0,0,0,0,0
2514,0,0,0,0,0,0
2515,0,0,0,0,0,0
2516,0,0,0,0,0,0
2517,0,0,0,0,0,0
2518,0,0,0,0,0,0
2519,0,0,0,0,0,0
2520,0,0,0,0,0,0
2521,0,0,0,0,0,0
2522,0,0,0,0,0,0
2523,0,0,0,0,0,0
2524,0,0,0,0,0,0
2525,0,0,0,0,0,0
2526,0,0,0,0,0,0
2527,0,0,0,0,0,0
2528,0,0,0,0,0,0
2529,0,0,0,0,0,0
2530,0,0,0,0,0,0
2531,0,0,0,0,0,0
2532,0,0,0,0,0,0
2533,0,0,0,0,0,0
2534,0,0,0,0,0,0
2535,0,0,0,0,0,0
2536,0,0,0,0,0,0
2537,0,0,0,0,0,0
2538,0,0,0,0,0,0
2539,0,0,0,0,0,0
2540,0,0,0,0,0,0
2541,0,0,0,0,0,0
2542,0,0,0,0,0,0
2543,0,0,0,0,0,0
2544,0,0,0,0,0,0
2545,0,0,0,0,0,0
2546,0,0,0,0,0,0
2547,0,0,0,0,0,0
2548,0,0,0,0,0,0
2549,0,0,0,0,0,0
2550,0,0,0,0,0,0
2551,0,0,0,0,0,0
2552,0,0,0,0,0,0
2553,0,0,0,0,0,0
2554,0,0,0,0,0,0
2555,0,0,0,0,0,0
2556,0,0,0,0,0,0
2557,0,0,0,0,0,0
2558,0,0,0,0,0,0
2559,0,0,0,0,0,0
2560,1,4,3,218103808,512,0
2561,2,3,3,184549376,206,0
2562,-1,-1,4294967295,0,8,1
2563,-1,-1,4294967295,0,198,1
2564,5,34,2,218103808,306,0
2565,6,13,4,100663296,255,0
2566,7,8,0,436207616,29,0
2567,-1,-1,4294967295,0,1,1
2568,9,10,0,469762048,28,0
2569,-1,-1,4294967295,0,1,1
2570,11,12,2,16777216,27,0
2571,-1,-1,4294967295,0,22,1
2572,-1,-1,4294967295,0,5,1
2573,14,33,3,452984832,226,0
2574,15,22,3,385875968,54,0
2575,16,17,2,16777216,21,0
2576,-1,-1,4294967295,0,1,1
2577,18,21,2,83886080,20,0
2578,19,20,1,50331648,16,0
2579,-1,-1,4294967295,0,5,1
2580,-1,-1,4294967295,0,11,1
2581,-1,-1,4294967295,0,4,1
2582,23,24,0,436207616,33,0
2583,-1,-1,4294967295,0,1,1
2584,25,32,2,50331648,32,0
2585,26,29,1,16777216,24,0
2586,27,28,2,16777216,8,0
2587,-1,-1,4294967295,0,6,1
2588,-1,-1,4294967295,0,2,1
2589,30,31,1,50331648,16,0
2590,-1,-1,4294967295,0,13,1
2591,-1,-1,4294967295,0,3,1
2592,-1,-1,4294967295,0,8,1
2593,-1,-1,4294967295,0,172,1
2594,35,36,0,234881024,51,0
2595,-1,-1,4294967295,0,13,1
2596,-1,-1,4294967295,0,38,1
2597,-1,-1,4294967295,0,206,1
2598,39,42,1,285212672,58,0
2599,40,41,0,251658240,36,0
2600,-1,-1,4294967295,0,29,1
2601,-1,-1,4294967295,0,7,1
2602,-1,-1,4294967295,0,22,1
2603,0,0,0,0,0,0
2604,0,0,0,0,0,0
2605,0,0,0,0,0,0
2606,0,0,0,0,0,0
2607,0,0,0,0,0,0
2608,0,0,0,0,0,0
2609,0,0,0,0,0,0
2610,0,0,0,0,0,0
2611,0,0,0,0,0,0
2612,0,0,0,0,0,0
2613,0,0,0,0,0,0
2614,0,0,0,0,0,0
2615,0,0,0,0,0,0
2616,0,0,0,0,0,0
2617,0,0,0,0,0,0
2618,0,0,0,0,0,0
2619,0,0,0,0,0,0
2620,0,0,0,0,0,0
2621,0,0,0,0,0,0
2622,0,0,0,0,0,0
2623,0,0,0,0,0,0
2624,0,0,0,0,0,0
2625,0,0,0,0,0,0
2626,0,0,0,0,0,0
2627,0,0,0,0,0,0
2628,0,0,0,0,0,0
2629,0,0,0,0,0,0
2630,0,0,0,0,0,0
2631,0,0,0,0,0,0
2632,0,0,0,0,0,0
2633,0,0,0,0,0,0
2634,0,0,0,0,0,0
2635,0,0,0,0,0,0
2636,0,0,0,0,0,0
2637,0,0,0,0,0,0
2638,0,0,0,0,0,0
2639,0,0,0,0,0,0
2640,0,0,0,0,0,0
2641,0,0,0,0,0,0
2642,0,0,0,0,0,0
2643,0,0,0,0,0,0
2644,0,0,0,0,0,0
2645,0,0,0,0,0,0
2646,0,0,0,0,0,0
2647,0,0,0,0,0,0
2648,0,0,0,0,0,0
2649,0,0,0,0,0,0
2650,0,0,0,0,0,0
2651,0,0,0,0,0,0
2652,0,0,0,0,0,0
2653,0,0,0,0,0,0
2654,0,0,0,0,0,0
2655,0,0,0,0,0,0
2656,0,0,0,0,0,0
2657,0,0,0,0,0,0
2658,0,0,0,0,0,0
2659,0,0,0,0,0,0
2660,0,0,0,0,0,0
2661,0,0,0,0,0,0
2662,0,0,0,0,0,0
2663,0,0,0,0,0,0
2664,0,0,0,0,0,0
2665,0,0,0,0,0,0
2666,0,0,0,0,0,0
2667,0,0,0,0,0,0
2668,0,0,0,0,0,0
2669,0,0,0,0,0,0
2670,0,0,0,0,0,0
2671,0,0,0,0,0,0
2672,0,0,0,0,0,0
2673,0,0,0,0,0,0
2674,0,0,0,0,0,0
2675,0,0,0,0,0,0
2676,0,0,0,0,0,0
2677,0,0,0,0,0,0
2678,0,0,0,0,0,0
2679,0,0,0,0,0,0
2680,0,0,0,0,0,0
2681,0,0,0,0,0,0
2682,0,0,0,0,0,0
2683,0,0,0,0,0,0
2684,0,0,0,0,0,0
2685,0,0,0,0,0,0
2686,0,0,0,0,0,0
2687,0,0,0,0,0,0
2688,0,0,0,0,0,0
2689,0,0,0,0,0,0
2690,0,0,0,0,0,0
2691,0,0,0,0,0,0
2692,0,0,0,0,0,0
2693,0,0,0,0,0,0
2694,0,0,0,0,0,0
2695,0,0,0,0,0,0
2696,0,0,0,0,0,0
2697,0,0,0,0,0,0
2698,0,0,0,0,0,0
2699,0,0,0,0,0,0
2700,0,0,0,0,0,0
2701,0,0,0,0,0,0
2702,0,0,0,0,0,0
2703,0,0,0,0,0,0
2704,0,0,0,0,0,0
2705,0,0,0,0,0,0
2706,0,0,0,0,0,0
2707,0,0,0,0,0,0
2708,0,0,0,0,0,0
2709,0,0,0,0,0,0
2710,0,0,0,0,0,0
2711,0,0,0,0,0,0
2712,0,0,0,0,0,0
2713,0,0,0,0,0,0
2714,0,0,0,0,0,0
2715,0,0,0,0,0,0
2716,0,0,0,0,0,0
2717,0,0,0,0,0,0
2718,0,0,0,0,0,0
2719,0,0,0,0,0,0
2720,0,0,0,0,0,0
2721,0,0,0,0,0,0
2722,0,0,0,0,0,0
2723,0,0,0,0,0,0
2724,0,0,0,0,0,0
2725,0,0,0,0,0,0
2726,0,0,0,0,0,0
2727,0,0,0,0,0,0
2728,0,0,0,0,0,0
2729,0,0,0,0,0,0
2730,0,0,0,0,0,0
2731,0,0,0,0,0,0
2732,0,0,0,0,0,0
2733,0,0,0,0,0,0
2734,0,0,0,0,0,0
2735,0,0,0,0,0,0
2736,0,0,0,0,0,0
2737,0,0,0,0,0,0
2738,0,0,0,0,0,0
2739,0,0,0,0,0,0
2740,0,0,0,0,0,0
2741,0,0,0,0,0,0
2742,0,0,0,0,0,0
2743,0,0,0,0,0,0
2744,0,0,0,0,0,0
2745,0,0,0,0,0,0
2746,0,0,0,0,0,0
2747,0,0,0,0,0,0
2748,0,0,0,0,0,0
2749,0,0,0,0,0,0
2750,0,0,0,0,0,0
2751,0,0,0,0,0,0
2752,0,0,0,0,0,0
2753,0,0,0,0,0,0
2754,0,0,0,0,0,0
2755,0,0,0,0,0,0
2756,0,0,0,0,0,0
2757,0,0,0,0,0,0
2758,0,0,0,0,0,0
2759,0,0,0,0,0,0
2760,0,0,0,0,0,0
2761,0,0,0,0,0,0
2762,0,0,0,0,0,0
2763,0,0,0,0,0,0
2764,0,0,0,0,0,0
2765,0,0,0,0,0,0
2766,0,0,0,0,0,0
2767,0,0,0,0,0,0
2768,0,0,0,0,0,0
2769,0,0,0,0,0,0
2770,0,0,0,0,0,0
2771,0,0,0,0,0,0
2772,0,0,0,0,0,0
2773,0,0,0,0,0,0
2774,0,0,0,0,0,0
2775,0,0,0,0,0,0
2776,0,0,0,0,0,0
2777,0,0,0,0,0,0
2778,0,0,0,0,0,0
2779,0,0,0,0,0,0
2780,0,0,0,0,0,0
2781,0,0,0,0,0,0
2782,0,0,0,0,0,0
2783,0,0,0,0,0,0
2784,0,0,0,0,0,0
2785,0,0,0,0,0,0
2786,0,0,0,0,0,0
2787,0,0,0,0,0,0
2788,0,0,0,0,0,0
2789,0,0,0,0,0,0
2790,0,0,0,0,0,0
2791,0,0,0,0,0,0
2792,0,0,0,0,0,0
2793,0,0,0,0,0,0
2794,0,0,0,0,0,0
2795,0,0,0,0,0,0
2796,0,0,0,0,0,0
2797,0,0,0,0,0,0
2798,0,0,0,0,0,0
2799,0,0,0,0,0,0
2800,0,0,0,0,0,0
2801,0,0,0,0,0,0
2802,0,0,0,0,0,0
2803,0,0,0,0,0,0
2804,0,0,0,0,0,0
2805,0,0,0,0,0,0
2806,0,0,0,0,0,0
2807,0,0,0,0,0,0
2808,0,0,0,0,0,0
2809,0,0,0,0,0,0
2810,0,0,0,0,0,0
2811,0,0,0,0,0,0
2812,0,0,0,0,0,0
2813,0,0,0,0,0,0
2814,0,0,0,0,0,0
2815,0,0,0,0,0,0
2816,1,50,1,285212672,512,0
2817,2,37,4,134217728,269,0
2818,3,6,0,285212672,212,0
2819,4,5,0,184549376,59,0
2820,-1,-1,4294967295,0,1,1
2821,-1,-1,4294967295,0,58,1
2822,7,22,3,436207616,153,0
2823,8,21,0,486539264,21,0
2824,9,10,4,100663296,20,0
2825,-1,-1,4294967295,0,1,1
2826,11,16,2,67108864,19,0
2827,12,13,1,50331648,13,0
2828,-1,-1,4294967295,0,1,1
2829,14,15,1,67108864,12,0
2830,-1,-1,4294967295,0,4,1
2831,-1,-1,4294967295,0,8,1
2832,17,18,0,436207616,6,0
2833,-1,-1,4294967295,0,3,1
2834,19,20,1,50331648,3,0
2835,-1,-1,4294967295,0,1,1
2836,-1,-1,4294967295,0,2,1
2837,-1,-1,4294967295,0,1,1
2838,23,34,1,16777216,132,0
2839,24,29,0,553648128,125,0
2840,25,28,4,100663296,36,0
2841,26,27,0,520093696,24,0
2842,-1,-1,4294967295,0,1,1
2843,-1,-1,4294967295,0,23,1
2844,-1,-1,4294967295,0,12,1
2845,30,33,3,503316480,89,0
2846,31,32,3,469762048,17,0
2847,-1,-1,4294967295,0,4,1
2848,-1,-1,4294967295,0,13,1
2849,-1,-1,4294967295,0,72,1
2850,35,36,4,100663296,7,0
2851,-1,-1,4294967295,0,4,1
2852,-1,-1,4294967295,0,3,1
2853,38,49,1,33554432,57,0
2854,39,40,3,486539264,45,0
2855,-1,-1,4294967295,0,15,1
2856,41,46,4,150994944,30,0
2857,42,43,0,603979776,24,0
2858,-1,-1,4294967295,0,4,1
2859,44,45,3,503316480,20,0
2860,-1,-1,4294967295,0,1,1
2861,-1,-1,4294967295,0,19,1
2862,47,48,0,620756992,6,0
2863,-1,-1,4294967295,0,2,1
2864,-1,-1,4294967295,0,4,1
2865,-1,-1,4294967295,0,12,1
2866,-1,-1,4294967295,0,243,1
2867,0,0,0,0,0,0
2868,0,0,0,0,0,0
2869,0,0,0,0,0,0
2870,0,0,0,0,0,0
2871,0,0,0,0,0,0
2872,0,0,0,0,0,0
2873,0,0,0,0,0,0
2874,0,0,0,0,0,0
2875,0,0,0,0,0,0
2876,0,0,0,0,0,0
2877,0,0,0,0,0,0
2878,0,0,0,0,0,0
2879,0,0,0,0,0,0
2880,0,0,0,0,0,0
2881,0,0,0,0,0,0
2882,0,0,0,0,0,0
2883,0,0,0,0,0,0
2884,0,0,0,0,0,0
2885,0,0,0,0,0,0
2886,0,0,0,0,0,0
2887,0,0,0,0,0,0
2888,0,0,0,0,0,0
2889,0,0,0,0,0,0
2890,0,0,0,0,0,0
2891,0,0,0,0,0,0
2892,0,0,0,0,0,0
2893,0,0,0,0,0,0
2894,0,0,0,0,0,0
2895,0,0,0,0,0,0
2896,0,0,0,0,0,0
2897,0,0,0,0,0,0
2898,0,0,0,0,0,0
2899,0,0,0,0,0,0
2900,0,0,0,0,0,0
2901,0,0,0,0,0,0
2902,0,0,0,0,0,0
2903,0,0,0,0,0,0
2904,0,0,0,0,0,0
2905,0,0,0,0,0,0
2906,0,0,0,0,0,0
2907,0,0,0,0,0,0
2908,0,0,0,0,0,0
2909,0,0,0,0,0,0
2910,0,0,0,0,0,0
2911,0,0,0,0,0,0
2912,0,0,0,0,0,0
2913,0,0,0,0,0,0
2914,0,0,0,0,0,0
2915,0,0,0,0,0,0
2916,0,0,0,0,0,0
2917,0,0,0,0,0,0
2918,0,0,0,0,0,0
2919,0,0,0,0,0,0
2920,0,0,0,0,0,0
2921,0,0,0,0,0,0
2922,0,0,0,0,0,0
2923,0,0,0,0,0,0
2924,0,0,0,0,0,0
2925,0,0,0,0,0,0
2926,0,0,0,0,0,0
2927,0,0,0,0,0,0
2928,0,0,0,0,0,0
2929,0,0,0,0,0,0
2930,0,0,0,0,0,0
2931,0,0,0,0,0,0
2932,0,0,0,0,0,0
2933,0,0,0,0,0,0
2934,0,0,0,0,0,0
2935,0,0,0,0,0,0
2936,0,0,0,0,0,0
2937,0,0,0,0,0,0
2938,0,0,0,0,0,0
2939,0,0,0,0,0,0
2940,0,0,0,0,0,0
2941,0,0,0,0,0,0
2942,0,0,0,0,0,0
2943,0,0,0,0,0,0
2944,0,0,0,0,0,0
2945,0,0,0,0,0,0
2946,0,0,0,0,0,0
2947,0,0,0,0,0,0
2948,0,0,0,0,0,0
2949,0,0,0,0,0,0
2950,0,0,0,0,0,0
2951,0,0,0,0,0,0
2952,0,0,0,0,0,0
2953,0,0,0,0,0,0
2954,0,0,0,0,0,0
2955,0,0,0,0,0,0
2956,0,0,0,0,0,0
2957,0,0,0,0,0,0
2958,0,0,0,0,0,0
2959,0,0,0,0,0,0
2960,0,0,0,0,0,0
2961,0,0,0,0,0,0
2962,0,0,0,0,0,0
2963,0,0,0,0,0,0
2964,0,0,0,0,0,0
2965,0,0,0,0,0,0
2966,0,0,0,0,0,0
2967,0,0,0,0,0,0
2968,0,0,0,0,0,0
2969,0,0,0,0,0,0
2970,0,0,0,0,0,0
2971,0,0,0,0,0,0
2972,0,0,0,0,0,0
2973,0,0,0,0,0,0
2974,0,0,0,0,0,0
2975,0,0,0,0,0,0
2976,0,0,0,0,0,0
2977,0,0,0,0,0,0
2978,0,0,0,0,0,0
2979,0,0,0,0,0,0
2980,0,0,0,0,0,0
2981,0,0,0,0,0,0
2982,0,0,0,0,0,0
2983,0,0,0,0,0,0
2984,0,0,0,0,0,0
2985,0,0,0,0,0,0
2986,0,0,0,0,0,0
2987,0,0,0,0,0,0
2988,0,0,0,0,0,0
2989,0,0,0,0,0,0
2990,0,0,0,0,0,0
2991,0,0,0,0,0,0
2992,0,0,0,0,0,0
2993,0,0,0,0,0,0
2994,0,0,0,0,0,0
2995,0,0,0,0,0,0
2996,0,0,0,0,0,0
2997,0,0,0,0,0,0
2998,0,0,0,0,0,0
2999,0,0,0,0,0,0
3000,0,0,0,0,0,0
3001,0,0,0,0,0,0
3002,0,0,0,0,0,0
3003,0,0,0,0,0,0
3004,0,0,0,0,0,0
3005,0,0,0,0,0,0
3006,0,0,0,0,0,0
3007,0,0,0,0,0,0
3008,0,0,0,0,0,0
3009,0,0,0,0,0,0
3010,0,0,0,0,0,0
3011,0,0,0,0,0,0
3012,0,0,0,0,0,0
3013,0,0,0,0,0,0
3014,0,0,0,0,0,0
3015,0,0,0,0,0,0
3016,0,0,0,0,0,0
3017,0,0,0,0,0,0
3018,0,0,0,0,0,0
3019,0,0,0,0,0,0
3020,0,0,0,0,0,0
3021,0,0,0,0,0,0
3022,0,0,0,0,0,0
3023,0,0,0,0,0,0
3024,0,0,0,0,0,0
3025,0,0,0,0,0,0
3026,0,0,0,0,0,0
3027,0,0,0,0,0,0
3028,0,0,0,0,0,0
3029,0,0,0,0,0,0
3030,0,0,0,0,0,0
3031,0,0,0,0,0,0
3032,0,0,0,0,0,0
3033,0,0,0,0,0,0
3034,0,0,0,0,0,0
3035,0,0,0,0,0,0
3036,0,0,0,0,0,0
3037,0,0,0,0,0,0
3038,0,0,0,0,0,0
3039,0,0,0,0,0,0
3040,0,0,0,0,0,0
3041,0,0,0,0,0,0
3042,0,0,0,0,0,0
3043,0,0,0,0,0,0
3044,0,0,0,0,0,0
3045,0,0,0,0,0,0
3046,0,0,0,0,0,0
3047,0,0,0,0,0,0
3048,0,0,0,0,0,0
3049,0,0,0,0,0,0
3050,0,0,0,0,0,0
3051,0,0,0,0,0,0
3052,0,0,0,0,0,0
3053,0,0,0,0,0,0
3054,0,0,0,0,0,0
3055,0,0,0,0,0,0
3056,0,0,0,0,0,0
3057,0,0,0,0,0,0
3058,0,0,0,0,0,0
3059,0,0,0,0,0,0
3060,0,0,0,0,0,0
3061,0,0,0,0,0,0
3062,0,0,0,0,0,0
3063,0,0,0,0,0,0
3064,0,0,0,0,0,0
3065,0,0,0,0,0,0
3066,0,0,0,0,0,0
3067,0,0,0,0,0,0
3068,0,0,0,0,0,0
3069,0,0,0,0,0,0
3070,0,0,0,0,0,0
3071,0,0,0,0,0,0
3072,1,36,2,251658240,512,0
3073,2,35,1,167772160,223,0
3074,3,18,3,402653184,222,0
3075,4,7,1,50331648,27,0
3076,5,6,2,50331648,5,0
3077,-1,-1,4294967295,0,2,1
3078,-1,-1,4294967295,0,3,1
3079,8,9,3,369098752,22,0
3080,-1,-1,4294967295,0,1,1
3081,10,17,2,100663296,21,0
3082,11,12,2,50331648,18,0
3083,-1,-1,4294967295,0,5,1
3084,13,14,1,67108864,13,0
3085,-1,-1,4294967295,0,1,1
3086,15,16,2,67108864,12,0
3087,-1,-1,4294967295,0,4,1
3088,-1,-1,4294967295,0,8,1
3089,-1,-1,4294967295,0,3,1
3090,19,32,3,469762048,195,0
3091,20,31,0,637534208,29,0
3092,21,28,4,134217728,27,0
3093,22,23,3,419430400,22,0
3094,-1,-1,4294967295,0,1,1
3095,24,25,4,100663296,21,0
3096,-1,-1,4294967295,0,3,1
3097,26,27,2,16777216,18,0
3098,-1,-1,4294967295,0,12,1
3099,-1,-1,4294967295,0,6,1
3100,29,30,0,486539264,5,0
3101,-1,-1,4294967295,0,1,1
3102,-1,-1,4294967295,0,4,1
3103,-1,-1,4294967295,0,2,1
3104,33,34,3,486539264,166,0
3105,-1,-1,4294967295,0,24,1
3106,-1,-1,4294967295,0,142,1
3107,-1,-1,4294967295,0,1,1
3108,37,40,0,201326592,289,0
3109,38,39,2,318767104,191,0
3110,-1,-1,4294967295,0,11,1
3111,-1,-1,4294967295,0,180,1
3112,41,46,0,234881024,98,0
3113,42,43,1,268435456,37,0
3114,-1,-1,4294967295,0,4,1
3115,44,45,1,301989888,33,0
3116,-1,-1,4294967295,0,6,1
3117,-1,-1,4294967295,0,27,1
3118,47,48,1,234881024,61,0
3119,-1,-1,4294967295,0,4,1
3120,-1,-1,4294967295,0,57,1
3121,0,0,0,0,0,0
3122,0,0,0,0,0,0
3123,0,0,0,0,0,0
3124,0,0,0,0,0,0
3125,0,0,0,0,0,0
3126,0,0,0,0,0,0
3127,0,0,0,0,0,0
3128,0,0,0,0,0,0
3129,0,0,0,0,0,0
3130,0,0,0,0,0,0
3131,0,0,0,0,0,0
3132,0,0,0,0,0,0
3133,0,0,0,0,0,0
3134,0,0,0,0,0,0
3135,0,0,0,0,0,0
3136,0,0,0,0,0,0
3137,0,0,0,0,0,0
3138,0,0,0,0,0,0
3139,0,0,0,0,0,0
3140,0,0,0,0,0,0
3141,0,0,0,0,0,0
3142,0,0,0,0,0,0
3143,0,0,0,0,0,0
3144,0,0,0,0,0,0
3145,0,0,0,0,0,0
3146,0,0,0,0,0,0
3147,0,0,0,0,0,0
3148,0,0,0,0,0,0
3149,0,0,0,0,0,0
3150,0,0,0,0,0,0
3151,0,0,0,0,0,0
3152,0,0,0,0,0,0
3153,0,0,0,0,0,0
3154,0,0,0,0,0,0
3155,0,0,0,0,0,0
3156,0,0,0,0,0,0
3157,0,0,0,0,0,0
3158,0,0,0,0,0,0
3159,0,0,0,0,0,0
3160,0,0,0,0,0,0
3161,0,0,0,0,0,0
3162,0,0,0,0,0,0
3163,0,0,0,0,0,0
3164,0,0,0,0,0,0
3165,0,0,0,0,0,0
3166,0,0,0,0,0,0
3167,0,0,0,0,0,0
3168,0,0,0,0,0,0
3169,0,0,0,0,0,0
3170,0,0,0,0,0,0
3171,0,0,0,0,0,0
3172,0,0,0,0,0,0
3173,0,0,0,0,0,0
3174,0,0,0,0,0,0
3175,0,0,0,0,0,0
3176,0,0,0,0,0,0
3177,0,0,0,0,0,0
3178,0,0,0,0,0,0
3179,0,0,0,0,0,0
3180,0,0,0,0,0,0
3181,0,0,0,0,0,0
3182,0,0,0,0,0,0
3183,0,0,0,0,0,0
3184,0,0,0,0,0,0
3185,0,0,0,0,0,0
3186,0,0,0,0,0,0
3187,0,0,0,0,0,0
3188,0,0,0,0,0,0
3189,0,0,0,0,0,0
3190,0,0,0,0,0,0
3191,0,0,0,0,0,0
3192,0,0,0,0,0,0
3193,0,0,0,0,0,0
3194,0,0,0,0,0,0
3195,0,0,0,0,0,0
3196,0,0,0,0,0,0
3197,0,0,0,0,0,0
3198,0,0,0,0,0,0
3199,0,0,0,0,0,0
3200,0,0,0,0,0,0
3201,0,0,0,0,0,0
3202,0,0,0,0,0,0
3203,0,0,0,0,0,0
3204,0,0,0,0,0,0
3205,0,0,0,0,0,0
3206,0,0,0,0,0,0
3207,0,0,0,0,0,0
3208,0,0,0,0,0,0
3209,0,0,0,0,0,0
3210,0,0,0,0,0,0
3211,0,0,0,0,0,0
3212,0,0,0,0,0,0
3213,0,0,0,0,0,0
3214,0,0,0,0,0,0
3215,0,0,0,0,0,0
3216,0,0,0,0,0,0
3217,0,0,0,0,0,0
3218,0,0,0,0,0,0
3219,0,0,0,0,0,0
3220,0,0,0,0,0,0
3221,0,0,0,0,0,0
3222,0,0,0,0,0,0
3223,0,0,0,0,0,0
3224,0,0,0,0,0,0
3225,0,0,0,0,0,0
3226,0,0,0,0,0,0
3227,0,0,0,0,0,0
3228,0,0,0,0,0,0
3229,0,0,0,0,0,0
3230,0,0,0,0,0,0
3231,0,0,0,0,0,0
3232,0,0,0,0,0,0
3233,0,0,0,0,0,0
3234,0,0,0,0,0,0
3235,0,0,0,0,0,0
3236,0,0,0,0,0,0
3237,0,0,0,0,0,0
3238,0,0,0,0,0,0
3239,0,0,0,0,0,0
3240,0,0,0,0,0,0
3241,0,0,0,0,0,0
3242,0,0,0,0,0,0
3243,0,0,0,0,0,0
3244,0,0,0,0,0,0
3245,0,0,0,0,0,0
3246,0,0,0,0,0,0
3247,0,0,0,0,0,0
3248,0,0,0,0,0,0
3249,0,0,0,0,0,0
3250,0,0,0,0,0,0
3251,0,0,0,0,0,0
3252,0,0,0,0,0,0
3253,0,0,0,0,0,0
3254,0,0,0,0,0,0
3255,0,0,0,0,0,0
3256,0,0,0,0,0,0
3257,0,0,0,0,0,0
3258,0,0,0,0,0,0
3259,0,0,0,0,0,0
3260,0,0,0,0,0,0
3261,0,0,0,0,0,0
3262,0,0,0,0,0,0
3263,0,0,0,0,0,0
3264,0,0,0,0,0,0
3265,0,0,0,0,0,0
3266,0,0,0,0,0,0
3267,0,0,0,0,0,0
3268,0,0,0,0,0,0
3269,0,0,0,0,0,0
3270,0,0,0,0,0,0
3271,0,0,0,0,0,0
3272,0,0,0,0,0,0
3273,0,0,0,0,0,0
3274,0,0,0,0,0,0
3275,0,0,0,0,0,0
3276,0,0,0,0,0,0
3277,0,0,0,0,0,0
3278,0,0,0,0,0,0
3279,0,0,0,0,0,0
3280,0,0,0,0,0,0
3281,0,0,0,0,0,0
3282,0,0,0,0,0,0
3283,0,0,0,0,0,0
3284,0,0,0,0,0,0
3285,0,0,0,0,0,0
3286,0,0,0,0,0,0
3287,0,0,0,0,0,0
3288,0,0,0,0,0,0
3289,0,0,0,0,0,0
3290,0,0,0,0,0,0
3291,0,0,0,0,0,0
3292,0,0,0,0,0,0
3293,0,0,0,0,0,0
3294,0,0,0,0,0,0
3295,0,0,0,0,0,0
3296,0,0,0,0,0,0
3297,0,0,0,0,0,0
3298,0,0,0,0,0,0
3299,0,0,0,0,0,0
3300,0,0,0,0,0,0
3301,0,0,0,0,0,0
3302,0,0,0,0,0,0
3303,0,0,0,0,0,0
3304,0,0,0,0,0,0
3305,0,0,0,0,0,0
3306,0,0,0,0,0,0
3307,0,0,0,0,0,0
3308,0,0,0,0,0,0
3309,0,0,0,0,0,0
3310,0,0,0,0,0,0
3311,0,0,0,0,0,0
3312,0,0,0,0,0,0
3313,0,0,0,0,0,0
3314,0,0,0,0,0,0
3315,0,0,0,0,0,0
3316,0,0,0,0,0,0
3317,0,0,0,0,0,0
3318,0,0,0,0,0,0
3319,0,0,0,0,0,0
3320,0,0,0,0,0,0
3321,0,0,0,0,0,0
3322,0,0,0,0,0,0
3323,0,0,0,0,0,0
3324,0,0,0,0,0,0
3325,0,0,0,0,0,0
3326,0,0,0,0,0,0
3327,0,0,0,0,0,0
3328,1,22,1,285212672,512,0
3329,2,21,0,520093696,287,0
3330,3,8,3,268435456,126,0
3331,4,5,3,201326592,72,0
3332,-1,-1,4294967295,0,21,1
3333,6,7,3,234881024,51,0
3334,-1,-1,4294967295,0,10,1
3335,-1,-1,4294967295,0,41,1
3336,9,14,1,33554432,54,0
3337,10,13,1,16777216,20,0
3338,11,12,3,385875968,10,0
3339,-1,-1,4294967295,0,1,1
3340,-1,-1,4294967295,0,9,1
3341,-1,-1,4294967295,0,10,1
3342,15,20,0,469762048,34,0
3343,16,17,3,369098752,25,0
3344,-1,-1,4294967295,0,1,1
3345,18,19,0,436207616,24,0
3346,-1,-1,4294967295,0,2,1
3347,-1,-1,4294967295,0,22,1
3348,-1,-1,4294967295,0,9,1
3349,-1,-1,4294967295,0,161,1
3350,23,24,4,100663296,225,0
3351,-1,-1,4294967295,0,1,1
3352,25,26,0,184549376,224,0
3353,-1,-1,4294967295,0,8,1
3354,27,32,1,301989888,216,0
3355,28,29,2,285212672,47,0
3356,-1,-1,4294967295,0,23,1
3357,30,31,0,201326592,24,0
3358,-1,-1,4294967295,0,16,1
3359,-1,-1,4294967295,0,8,1
3360,-1,-1,4294967295,0,169,1
3361,-1,-1,4294967295,0,1,1
3362,-1,-1,4294967295,0,4,1
3363,-1,-1,4294967295,0,2,1
3364,37,42,2,16777216,168,0
3365,38,41,3,486539264,162,0
3366,39,40,4,134217728,25,0
3367,-1,-1,4294967295,0,16,1
3368,-1,-1,4294967295,0,9,1
3369,-1,-1,4294967295,0,137,1
3370,-1,-1,4294967295,0,6,1
3371,0,0,0,0,0,0
3372,0,0,0,0,0,0
3373,0,0,0,0,0,0
3374,0,0,0,0,0,0
3375,0,0,0,0,0,0
3376,0,0,0,0,0,0
3377,0,0,0,0,0,0
3378,0,0,0,0,0,0
3379,0,0,0,0,0,0
3380,0,0,0,0,0,0
3381,0,0,0,0,0,0
3382,0,0,0,0,0,0
3383,0,0,0,0,0,0
3384,0,0,0,0,0,0
3385,0,0,0,0,0,0
3386,0,0,0,0,0,0
3387,0,0,0,0,0,0
3388,0,0,0,0,0,0
3389,0,0,0,0,0,0
3390,0,0,0,0,0,0
3391,0,0,0,0,0,0
3392,0,0,0,0,0,0
3393,0,0,0,0,0,0
3394,0,0,0,0,0,0
3395,0,0,0,0,0,0
3396,0,0,0,0,0,0
3397,0,0,0,0,0,0
3398,0,0,0,0,0,0
3399,0,0,0,0,0,0
3400,0,0,0,0,0,0
3401,0,0,0,0,0,0
3402,0,0,0,0,0,0
3403,0,0,0,0,0,0
3404,0,0,0,0,0,0
3405,0,0,0,0,0,0
3406,0,0,0,0,0,0
3407,0,0,0,0,0,0
3408,0,0,0,0,0,0
3409,0,0,0,0,0,0
3410,0,0,0,0,0,0
3411,0,0,0,0,0,0
3412,0,0,0,0,0,0
3413,0,0,0,0,0,0
3414,0,0,0,0,0,0
3415,0,0,0,0,0,0
3416,0,0,0,0,0,0
3417,0,0,0,0,0,0
3418,0,0,0,0,0,0
3419,0,0,0,0,0,0
3420,0,0,0,0,0,0
3421,0,0,0,0,0,0
3422,0,0,0,0,0,0
3423,0,0,0,0,0,0
3424,0,0,0,0,0,0
3425,0,0,0,0,0,0
3426,0,0,0,0,0,0
3427,0,0,0,0,0,0
3428,0,0,0,0,0,0
3429,0,0,0,0,0,0
3430,0,0,0,0,0,0
3431,0,0,0,0,0,0
3432,0,0,0,0,0,0
3433,0,0,0,0,0,0
3434,0,0,0,0,0,0
3435,0,0,0,0,0,0
3436,0,0,0,0,0,0
3437,0,0,0,0,0,0
3438,0,0,0,0,0,0
3439,0,0,0,0,0,0
3440,0,0,0,0,0,0
3441,0,0,0,0,0,0
3442,0,0,0,0,0,0
3443,0,0,0,0,0,0
3444,0,0,0,0,0,0
3445,0,0,0,0,0,0
3446,0,0,0,0,0,0
3447,0,0,0,0,0,0
3448,0,0,0,0,0,0
3449,0,0,0,0,0,0
3450,0,0,0,0,0,0
3451,0,0,0,0,0,0
3452,0,0,0,0,0,0
3453,0,0,0,0,0,0
3454,0,0,0,0,0,0
3455,0,0,0,0,0,0
3456,0,0,0,0,0,0
3457,0,0,0,0,0,0
3458,0,0,0,0,0,0
3459,0,0,0,0,0,0
3460,0,0,0,0,0,0
3461,0,0,0,0,0,0
3462,0,0,0,0,0,0
3463,0,0,0,0,0,0
3464,0,0,0,0,0,0
3465,0,0,0,0,0,0
3466,0,0,0,0,0,0
3467,0,0,0,0,0,0
3468,0,0,0,0,0,0
3469,0,0,0,0,0,0
3470,0,0,0,0,0,0
3471,0,0,0,0,0,0
3472,0,0,0,0,0,0
3473,0,0,0,0,0,0
3474,0,0,0,0,0,0
3475,0,0,0,0,0,0
3476,0,0,0,0,0,0
3477,0,0,0,0,0,0
3478,0,0,0,0,0,0
3479,0,0,0,0,0,0
3480,0,0,0,0,0,0
3481,0,0,0,0,0,0
3482,0,0,0,0,0,0
3483,0,0,0,0,0,0
3484,0,0,0,0,0,0
3485,0,0,0,0,0,0
3486,0,0,0,0,0,0
3487,0,0,0,0,0,0
3488,0,0,0,0,0,0
3489,0,0,0,0,0,0
3490,0,0,0,0,0,0
3491,0,0,0,0,0,0
3492,0,0,0,0,0,0
3493,0,0,0,0,0,0
3494,0,0,0,0,0,0
3495,0,0,0,0,0,0
3496,0,0,0,0,0,0
3497,0,0,0,0,0,0
3498,0,0,0,0,0,0
3499,0,0,0,0,0,0
3500,0,0,0,0,0,0
3501,0,0,0,0,0,0
3502,0,0,0,0,0,0
3503,0,0,0,0,0,0
3504,0,0,0,0,0,0
3505,0,0,0,0,0,0
3506,0,0,0,0,0,0
3507,0,0,0,0,0,0
3508,0,0,0,0,0,0
3509,0,0,0,0,0,0
3510,0,0,0,0,0,0
3511,0,0,0,0,0,0
3512,0,0,0,0,0,0
3513,0,0,0,0,0,0
3514,0,0,0,0,0,0
3515,0,0,0,0,0,0
3516,0,0,0,0,0,0
3517,0,0,0,0,0,0
3518,0,0,0,0,0,0
3519,0,0,0,0,0,0
3520,0,0,0,0,0,0
3521,0,0,0,0,0,0
3522,0,0,0,0,0,0
3523,0,0,0,0,0,0
3524,0,0,0,0,0,0
3525,0,0,0,0,0,0
3526,0,0,0,0,0,0
3527,0,0,0,0,0,0
3528,0,0,0,0,0,0
3529,0,0,0,0,0,0
3530,0,0,0,0,0,0
3531,0,0,0,0,0,0
3532,0,0,0,0,0,0
3533,0,0,0,0,0,0
3534,0,0,0,0,0,0
3535,0,0,0,0,0,0
3536,0,0,0,0,0,0
3537,0,0,0,0,0,0
3538,0,0,0,0,0,0
3539,0,0,0,0,0,0
3540,0,0,0,0,0,0
3541,0,0,0,0,0,0
3542,0,0,0,0,0,0
3543,0,0,0,0,0,0
3544,0,0,0,0,0,0
3545,0,0,0,0,0,0
3546,0,0,0,0,0,0
3547,0,0,0,0,0,0
3548,0,0,0,0,0,0
3549,0,0,0,0,0,0
3550,0,0,0,0,0,0
3551,0,0,0,0,0,0
3552,0,0,0,0,0,0
3553,0,0,0,0,0,0
3554,0,0,0,0,0,0
3555,0,0,0,0,0,0
3556,0,0,0,0,0,0
3557,0,0,0,0,0,0
3558,0,0,0,0,0,0
3559,0,0,0,0,0,0
3560,0,0,0,0,0,0
3561,0,0,0,0,0,0
3562,0,0,0,0,0,0
3563,0,0,0,0,0,0
3564,0,0,0,0,0,0
3565,0,0,0,0,0,0
3566,0,0,0,0,0,0
3567,0,0,0,0,0,0
3568,0,0,0,0,0,0
3569,0,0,0,0,0,0
3570,0,0,0,0,0,0
3571,0,0,0,0,0,0
3572,0,0,0,0,0,0
3573,0,0,0,0,0,0
3574,0,0,0,0,0,0
3575,0,0,0,0,0,0
3576,0,0,0,0,0,0
3577,0,0,0,0,0,0
3578,0,0,0,0,0,0
3579,0,0,0,0,0,0
3580,0,0,0,0,0,0
3581,0,0,0,0,0,0
3582,0,0,0,0,0,0
3583,0,0,0,0,0,0
3584,1,34,2,201326592,512,0
3585,2,3,3,335544320,232,0
3586,-1,-1,4294967295,0,2,1
3587,4,33,2,83886080,230,0
3588,5,20,4,134217728,227,0
3589,6,19,1,67108864,169,0
3590,7,18,1,50331648,165,0
3591,8,13,3,436207616,161,0
3592,9,12,1,16777216,17,0
3593,10,11,2,16777216,8,0
3594,-1,-1,4294967295,0,4,1
3595,-1,-1,4294967295,0,4,1
3596,-1,-1,4294967295,0,9,1
3597,14,17,2,16777216,144,0
3598,15,16,0,671088640,142,0
3599,-1,-1,4294967295,0,136,1
3600,-1,-1,4294967295,0,6,1
3601,-1,-1,4294967295,0,2,1
3602,-1,-1,4294967295,0,4,1
3603,-1,-1,4294967295,0,4,1
3604,21,30,0,536870912,58,0
3605,22,25,0,469762048,16,0
3606,23,24,3,369098752,12,0
3607,-1,-1,4294967295,0,1,1
3608,-1,-1,4294967295,0,11,1
3609,26,27,3,402653184,4,0
3610,-1,-1,4294967295,0,1,1
3611,28,29,0,486539264,3,0
3612,-1,-1,4294967295,0,1,1
3613,-1,-1,4294967295,0,2,1
3614,31,32,0,570425344,42,0
3615,-1,-1,4294967295,0,10,1
3616,-1,-1,4294967295,0,32,1
3617,-1,-1,4294967295,0,3,1
3618,35,36,2,234881024,280,0
3619,-1,-1,4294967295,0,1,1
3620,37,48,1,268435456,279,0
3621,38,45,2,285212672,29,0
3622,39,40,1,218103808,21,0
3623,-1,-1,4294967295,0,2,1
3624,41,42,1,234881024,19,0
3625,-1,-1,4294967295,0,4,1
3626,43,44,2,251658240,15,0
3627,-1,-1,4294967295,0,2,1
3628,-1,-1,4294967295,0,13,1
3629,46,47,3,201326592,8,0
3630,-1,-1,4294967295,0,4,1
3631,-1,-1,4294967295,0,4,1
3632,49,58,0,234881024,250,0
3633,50,57,2,318767104,219,0
3634,51,52,1,301989888,61,0
3635,-1,-1,4294967295,0,11,1
3636,53,54,2,285212672,50,0
3637,-1,-1,4294967295,0,1,1
3638,55,56,0,201326592,49,0
3639,-1,-1,4294967295,0,6,1
3640,-1,-1,4294967295,0,43,1
3641,-1,-1,4294967295,0,158,1
3642,-1,-1,4294967295,0,31,1
3643,0,0,0,0,0,0
3644,0,0,0,0,0,0
3645,0,0,0,0,0,0
3646,0,0,0,0,0,0
3647,0,0,0,0,0,0
3648,0,0,0,0,0,0
3649,0,0,0,0,0,0
3650,0,0,0,0,0,0
3651,0,0,0,0,0,0
3652,0,0,0,0,0,0
3653,0,0,0,0,0,0
3654,0,0,0,0,0,0
3655,0,0,0,0,0,0
3656,0,0,0,0,0,0
3657,0,0,0,0,0,0
3658,0,0,0,0,0,0
3659,0,0,0,0,0,0
3660,0,0,0,0,0,0
3661,0,0,0,0,0,0
3662,0,0,0,0,0,0
3663,0,0,0,0,0,0
3664,0,0,0,0,0,0
3665,0,0,0,0,0,0
3666,0,0,0,0,0,0
3667,0,0,0,0,0,0
3668,0,0,0,0,0,0
3669,0,0,0,0,0,0
3670,0,0,0,0,0,0
3671,0,0,0,0,0,0
3672,0,0,0,0,0,0
3673,0,0,0,0,0,0
3674,0,0,0,0,0,0
3675,0,0,0,0,0,0
3676,0,0,0,0,0,0
3677,0,0,0,0,0,0
3678,0,0,0,0,0,0
3679,0,0,0,0,0,0
3680,0,0,0,0,0,0
3681,0,0,0,0,0,0
3682,0,0,0,0,0,0
3683,0,0,0,0,0,0
3684,0,0,0,0,0,0
3685,0,0,0,0,0,0
3686,0,0,0,0,0,0
3687,0,0,0,0,0,0
3688,0,0,0,0,0,0
3689,0,0,0,0,0,0
3690,0,0,0,0,0,0
3691,0,0,0,0,0,0
3692,0,0,0,0,0,0
3693,0,0,0,0,0,0
3694,0,0,0,0,0,0
3695,0,0,0,0,0,0
3696,0,0,0,0,0,0
3697,0,0,0,0,0,0
3698,0,0,0,0,0,0
3699,0,0,0,0,0,0
3700,0,0,0,0,0,0
3701,0,0,0,0,0,0
3702,0,0,0,0,0,0
3703,0,0,0,0,0,0
3704,0,0,0,0,0,0
3705,0,0,0,0,0,0
3706,0,0,0,0,0,0
3707,0,0,0,0,0,0
3708,0,0,0,0,0,0
3709,0,0,0,0,0,0
3710,0,0,0,0,0,0
3711,0,0,0,0,0,0
3712,0,0,0,0,0,0
3713,0,0,0,0,0,0
3714,0,0,0,0,0,0
3715,0,0,0,0,0,0
3716,0,0,0,0,0,0
3717,0,0,0,0,0,0
3718,0,0,0,0,0,0
3719,0,0,0,0,0,0
3720,0,0,0,0,0,0
3721,0,0,0,0,0,0
3722,0,0,0,0,0,0
3723,0,0,0,0,0,0
3724,0,0,0,0,0,0
3725,0,0,0,0,0,0
3726,0,0,0,0,0,0
3727,0,0,0,0,0,0
3728,0,0,0,0,0,0
3729,0,0,0,0,0,0
3730,0,0,0,0,0,0
3731,0,0,0,0,0,0
3732,0,0,0,0,0,0
3733,0,0,0,0,0,0
3734,0,0,0,0,0,0
3735,0,0,0,0,0,0
3736,0,0,0,0,0,0
3737,0,0,0,0,0,0
3738,0,0,0,0,0,0
3739,0,0,0,0,0,0
3740,0,0,0,0,0,0
3741,0,0,0,0,0,0
3742,0,0,0,0,0,0
3743,0,0,0,0,0,0
3744,0,0,0,0,0,0
3745,0,0,0,0,0,0
3746,0,0,0,0,0,0
3747,0,0,0,0,0,0
3748,0,0,0,0,0,0
3749,0,0,0,0,0,0
3750,0,0,0,0,0,0
3751,0,0,0,0,0,0
3752,0,0,0,0,0,0
3753,0,0,0,0,0,0
3754,0,0,0,0,0,0
3755,0,0,0,0,0,0
3756,0,0,0,0,0,0
3757,0,0,0,0,0,0
3758,0,0,0,0,0,0
3759,0,0,0,0,0,0
3760,0,0,0,0,0,0
3761,0,0,0,0,0,0
3762,0,0,0,0,0,0
3763,0,0,0,0,0,0
3764,0,0,0,0,0,0
3765,0,0,0,0,0,0
3766,0,0,0,0,0,0
3767,0,0,0,0,0,0
3768,0,0,0,0,0,0
3769,0,0,0,0,0,0
3770,0,0,0,0,0,0
3771,0,0,0,0,0,0
3772,0,0,0,0,0,0
3773,0,0,0,0,0,0
3774,0,0,0,0,0,0
3775,0,0,0,0,0,0
3776,0,0,0,0,0,0
3777,0,0,0,0,0,0
3778,0,0,0,0,0,0
3779,0,0,0,0,0,0
3780,0,0,0,0,0,0
3781,0,0,0,0,0,0
3782,0,0,0,0,0,0
3783,0,0,0,0,0,0
3784,0,0,0,0,0,0
3785,0,0,0,0,0,0
3786,0,0,0,0,0,0
3787,0,0,0,0,0,0
3788,0,0,0,0,0,0
3789,0,0,0,0,0,0
3790,0,0,0,0,0,0
3791,0,0,0,0,0,0
3792,0,0,0,0,0,0
3793,0,0,0,0,0,0
3794,0,0,0,0,0,0
3795,0,0,0,0,0,0
3796,0,0,0,0,0,0
3797,0,0,0,0,0,0
3798,0,0,0,0,0,0
3799,0,0,0,0,0,0
3800,0,0,0,0,0,0
3801,0,0,0,0,0,0
3802,0,0,0,0,0,0
3803,0,0,0,0,0,0
3804,0,0,0,0,0,0
3805,0,0,0,0,0,0
3806,0,0,0,0,0,0
3807,0,0,0,0,0,0
3808,0,0,0,0,0,0
3809,0,0,0,0,0,0
3810,0,0,0,0,0,0
3811,0,0,0,0,0,0
3812,0,0,0,0,0,0
3813,0,0,0,0,0,0
3814,0,0,0,0,0,0
3815,0,0,0,0,0,0
3816,0,0,0,0,0,0
3817,0,0,0,0,0,0
3818,0,0,0,0,0,0
3819,0,0,0,0,0,0
3820,0,0,0,0,0,0
3821,0,0,0,0,0,0
3822,0,0,0,0,0,0
3823,0,0,0,0,0,0
3824,0,0,0,0,0,0
3825,0,0,0,0,0,0
3826,0,0,0,0,0,0
3827,0,0,0,0,0,0
3828,0,0,0,0,0,0
3829,0,0,0,0,0,0
3830,0,0,0,0,0,0
3831,0,0,0,0,0,0
3832,0,0,0,0,0,0
3833,0,0,0,0,0,0
3834,0,0,0,0,0,0
3835,0,0,0,0,0,0
3836,0,0,0,0,0,0
3837,0,0,0,0,0,0
3838,0,0,0,0,0,0
3839,0,0,0,0,0,0
3840,1,6,0,301989888,512,0
3841,2,3,1,318767104,285,0
3842,-1,-1,4294967295,0,155,1
3843,4,5,0,184549376,130,0
3844,-1,-1,4294967295,0,7,1
3845,-1,-1,4294967295,0,123,1
3846,7,20,1,67108864,227,0
3847,8,11,4,100663296,211,0
3848,9,10,2,16777216,34,0
3849,-1,-1,4294967295,0,29,1
3850,-1,-1,4294967295,0,5,1
3851,12,19,1,33554432,177,0
3852,13,18,4,150994944,167,0
3853,14,17,2,33554432,147,0
3854,15,16,4,117440512,141,0
3855,-1,-1,4294967295,0,52,1
3856,-1,-1,4294967295,0,89,1
3857,-1,-1,4294967295,0,6,1
3858,-1,-1,4294967295,0,20,1
3859,-1,-1,4294967295,0,10,1
3860,21,26,4,134217728,16,0
3861,22,23,0,436207616,14,0
3862,-1,-1,4294967295,0,1,1
3863,24,25,3,369098752,13,0
3864,-1,-1,4294967295,0,1,1
3865,-1,-1,4294967295,0,12,1
3866,-1,-1,4294967295,0,2,1
3867,-1,-1,4294967295,0,3,1
3868,29,30,3,385875968,16,0
3869,-1,-1,4294967295,0,4,1
3870,-1,-1,4294967295,0,12,1
3871,32,33,2,100663296,8,0
3872,-1,-1,4294967295,0,7,1
3873,-1,-1,4294967295,0,1,1
3874,35,38,0,587202560,168,0
3875,36,37,0,553648128,58,0
3876,-1,-1,4294967295,0,35,1
3877,-1,-1,4294967295,0,23,1
3878,39,40,3,486539264,110,0
3879,-1,-1,4294967295,0,6,1
3880,-1,-1,4294967295,0,104,1
3881,0,0,0,0,0,0
3882,0,0,0,0,0,0
3883,0,0,0,0,0,0
3884,0,0,0,0,0,0
3885,0,0,0,0,0,0
3886,0,0,0,0,0,0
3887,0,0,0,0,0,0
3888,0,0,0,0,0,0
3889,0,0,0,0,0,0
3890,0,0,0,0,0,0
3891,0,0,0,0,0,0
3892,0,0,0,0,0,0
3893,0,0,0,0,0,0
3894,0,0,0,0,0,0
3895,0,0,0,0,0,0
3896,0,0,0,0,0,0
3897,0,0,0,0,0,0
3898,0,0,0,0,0,0
3899,0,0,0,0,0,0
3900,0,0,0,0,0,0
3901,0,0,0,0,0,0
3902,0,0,0,0,0,0
3903,0,0,0,0,0,0
3904,0,0,0,0,0,0
3905,0,0,0,0,0,0
3906,0,0,0,0,0,0
3907,0,0,0,0,0,0
3908,0,0,0,0,0,0
3909,0,0,0,0,0,0
3910,0,0,0,0,0,0
3911,0,0,0,0,0,0
3912,0,0,0,0,0,0
3913,0,0,0,0,0,0
3914,0,0,0,0,0,0
3915,0,0,0,0,0,0
3916,0,0,0,0,0,0
3917,0,0,0,0,0,0
3918,0,0,0,0,0,0
3919,0,0,0,0,0,0
3920,0,0,0,0,0,0
3921,0,0,0,0,0,0
3922,0,0,0,0,0,0
3923,0,0,0,0,0,0
3924,0,0,0,0,0,0
3925,0,0,0,0,0,0
3926,0,0,0,0,0,0
3927,0,0,0,0,0,0
3928,0,0,0,0,0,0
3929,0,0,0,0,0,0
3930,0,0,0,0,0,0
3931,0,0,0,0,0,0
3932,0,0,0,0,0,0
3933,0,0,0,0,0,0
3934,0,0,0,0,0,0
3935,0,0,0,0,0,0
3936,0,0,0,0,0,0
3937,0,0,0,0,0,0
3938,0,0,0,0,0,0
3939,0,0,0,0,0,0
3940,0,0,0,0,0,0
3941,0,0,0,0,0,0
3942,0,0,0,0,0,0
3943,0,0,0,0,0,0
3944,0,0,0,0,0,0
3945,0,0,0,0,0,0
3946,0,0,0,0,0,0
3947,0,0,0,0,0,0
3948,0,0,0,0,0,0
3949,0,0,0,0,0,0
3950,0,0,0,0,0,0
3951,0,0,0,0,0,0
3952,0,0,0,0,0,0
3953,0,0,0,0,0,0
3954,0,0,0,0,0,0
3955,0,0,0,0,0,0
3956,0,0,0,0,0,0
3957,0,0,0,0,0,0
3958,0,0,0,0,0,0
3959,0,0,0,0,0,0
3960,0,0,0,0,0,0
3961,0,0,0,0,0,0
3962,0,0,0,0,0,0
3963,0,0,0,0,0,0
3964,0,0,0,0,0,0
3965,0,0,0,0,0,0
3966,0,0,0,0,0,0
3967,0,0,0,0,0,0
3968,0,0,0,0,0,0
3969,0,0,0,0,0,0
3970,0,0,0,0,0,0
3971,0,0,0,0,0,0
3972,0,0,0,0,0,0
3973,0,0,0,0,0,0
3974,0,0,0,0,0,0
3975,0,0,0,0,0,0
3976,0,0,0,0,0,0
3977,0,0,0,0,0,0
3978,0,0,0,0,0,0
3979,0,0,0,0,0,0
3980,0,0,0,0,0,0
3981,0,0,0,0,0,0
3982,0,0,0,0,0,0
3983,0,0,0,0,0,0
3984,0,0,0,0,0,0
3985,0,0,0,0,0,0
3986,0,0,0,0,0,0
3987,0,0,0,0,0,0
3988,0,0,0,0,0,0
3989,0,0,0,0,0,0
3990,0,0,0,0,0,0
3991,0,0,0,0,0,0
3992,0,0,0,0,0,0
3993,0,0,0,0,0,0
3994,0,0,0,0,0,0
3995,0,0,0,0,0,0
3996,0,0,0,0,0,0
3997,0,0,0,0,0,0
3998,0,0,0,0,0,0
3999,0,0,0,0,0,0
4000,0,0,0,0,0,0
4001,0,0,0,0,0,0
4002,0,0,0,0,0,0
4003,0,0,0,0,0,0
4004,0,0,0,0,0,0
4005,0,0,0,0,0,0
4006,0,0,0,0,0,0
4007,0,0,0,0,0,0
4008,0,0,0,0,0,0
4009,0,0,0,0,0,0
4010,0,0,0,0,0,0
4011,0,0,0,0,0,0
4012,0,0,0,0,0,0
4013,0,0,0,0,0,0
4014,0,0,0,0,0,0
4015,0,0,0,0,0,0
4016,0,0,0,0,0,0
4017,0,0,0,0,0,0
4018,0,0,0,0,0,0
4019,0,0,0,0,0,0
4020,0,0,0,0,0,0
4021,0,0,0,0,0,0
4022,0,0,0,0,0,0
4023,0,0,0,0,0,0
4024,0,0,0,0,0,0
4025,0,0,0,0,0,0
4026,0,0,0,0,0,0
4027,0,0,0,0,0,0
4028,0,0,0,0,0,0
4029,0,0,0,0,0,0
4030,0,0,0,0,0,0
4031,0,0,0,0,0,0
4032,0,0,0,0,0,0
4033,0,0,0,0,0,0
4034,0,0,0,0,0,0
4035,0,0,0,0,0,0
4036,0,0,0,0,0,0
4037,0,0,0,0,0,0
4038,0,0,0,0,0,0
4039,0,0,0,0,0,0
4040,0,0,0,0,0,0
4041,0,0,0,0,0,0
4042,0,0,0,0,0,0
4043,0,0,0,0,0,0
4044,0,0,0,0,0,0
4045,0,0,0,0,0,0
4046,0,0,0,0,0,0
4047,0,0,0,0,0,0
4048,0,0,0,0,0,0
4049,0,0,0,0,0,0
4050,0,0,0,0,0,0
4051,0,0,0,0,0,0
4052,0,0,0,0,0,0
4053,0,0,0,0,0,0
4054,0,0,0,0,0,0
4055,0,0,0,0,0,0
4056,0,0,0,0,0,0
4057,0,0,0,0,0,0
4058,0,0,0,0,0,0
4059,0,0,0,0,0,0
4060,0,0,0,0,0,0
4061,0,0,0,0,0,0
4062,0,0,0,0,0,0
4063,0,0,0,0,0,0
4064,0,0,0,0,0,0
4065,0,0,0,0,0,0
4066,0,0,0,0,0,0
4067,0,0,0,0,0,0
4068,0,0,0,0,0,0
4069,0,0,0,0,0,0
4070,0,0,0,0,0,0
4071,0,0,0,0,0,0
4072,0,0,0,0,0,0
4073,0,0,0,0,0,0
4074,0,0,0,0,0,0
4075,0,0,0,0,0,0
4076,0,0,0,0,0,0
4077,0,0,0,0,0,0
4078,0,0,0,0,0,0
4079,0,0,0,0,0,0
4080,0,0,0,0,0,0
4081,0,0,0,0,0,0
4082,0,0,0,0,0,0
4083,0,0,0,0,0,0
4084,0,0,0,0,0,0
4085,0,0,0,0,0,0
4086,0,0,0,0,0,0
4087,0,0,0,0,0,0
4088,0,0,0,0,0,0
4089,0,0,0,0,0,0
4090,0,0,0,0,0,0
4091,0,0,0,0,0,0
4092,0,0,0,0,0,0
4093,0,0,0,0,0,0
4094,0,0,0,0,0,0
4095,0,0,0,0,0,0
4096,1,16,0,352321536,512,0
4097,2,15,0,251658240,282,0
4098,3,4,2,268435456,274,0
4099,-1,-1,4294967295,0,3,1
4100,5,6,2,285212672,271,0
4101,-1,-1,4294967295,0,42,1
4102,7,8,2,301989888,229,0
4103,-1,-1,4294967295,0,10,1
4104,9,14,1,335544320,219,0
4105,10,11,1,268435456,141,0
4106,-1,-1,4294967295,0,5,1
4107,12,13,3,184549376,136,0
4108,-1,-1,4294967295,0,4,1
4109,-1,-1,4294967295,0,132,1
4110,-1,-1,4294967295,0,78,1
4111,-1,-1,4294967295,0,8,1
4112,17,46,0,503316480,230,0
4113,18,23,2,16777216,47,0
4114,19,22,4,134217728,8,0
4115,20,21,1,16777216,7,0
4116,-1,-1,4294967295,0,4,1
4117,-1,-1,4294967295,0,3,1
4118,-1,-1,4294967295,0,1,1
4119,24,27,4,100663296,39,0
4120,25,26,0,469762048,7,0
4121,-1,-1,4294967295,0,2,1
4122,-1,-1,4294967295,0,5,1
4123,28,43,3,419430400,32,0
4124,29,38,2,83886080,25,0
4125,30,35,4,134217728,19,0
4126,31,32,3,369098752,13,0
4127,-1,-1,4294967295,0,1,1
4128,33,34,3,385875968,12,0
4129,-1,-1,4294967295,0,5,1
4130,-1,-1,4294967295,0,7,1
4131,36,37,1,67108864,6,0
4132,-1,-1,4294967295,0,2,1
4133,-1,-1,4294967295,0,4,1
4134,39,40,1,67108864,6,0
4135,-1,-1,4294967295,0,1,1
4136,41,42,4,117440512,5,0
4137,-1,-1,4294967295,0,2,1
4138,-1,-1,4294967295,0,3,1
4139,44,45,1,16777216,7,0
4140,-1,-1,4294967295,0,3,1
4141,-1,-1,4294967295,0,4,1
4142,47,48,0,603979776,183,0
4143,-1,-1,4294967295,0,71,1
4144,49,52,0,637534208,112,0
4145,50,51,4,150994944,102,0
4146,-1,-1,4294967295,0,96,1
4147,-1,-1,4294967295,0,6,1
4148,-1,-1,4294967295,0,10,1
4149,-1,-1,4294967295,0,85,1
4150,-1,-1,4294967295,0,68,1
4151,0,0,0,0,0,0
4152,0,0,0,0,0,0
4153,0,0,0,0,0,0
4154,0,0,0,0,0,0
4155,0,0,0,0,0,0
4156,0,0,0,0,0,0
4157,0,0,0,0,0,0
4158,0,0,0,0,0,0
4159,0,0,0,0,0,0
4160,0,0,0,0,0,0
4161,0,0,0,0,0,0
4162,0,0,0,0,0,0
4163,0,0,0,0,0,0
4164,0,0,0,0,0,0
4165,0,0,0,0,0,0
4166,0,0,0,0,0,0
4167,0,0,0,0,0,0
4168,0,0,0,0,0,0
4169,0,0,0,0,0,0
4170,0,0,0,0,0,0
4171,0,0,0,0,0,0
4172,0,0,0,0,0,0
4173,0,0,0,0,0,0
4174,0,0,0,0,0,0
4175,0,0,0,0,0,0
4176,0,0,0,0,0,0
4177,0,0,0,0,0,0
4178,0,0,0,0,0,0
4179,0,0,0,0,0,0
4180,0,0,0,0,0,0
4181,0,0,0,0,0,0
4182,0,0,0,0,0,0
4183,0,0,0,0,0,0
4184,0,0,0,0,0,0
4185,0,0,0,0,0,0
4186,0,0,0,0,0,0
4187,0,0,0,0,0,0
4188,0,0,0,0,0,0
4189,0,0,0,0,0,0
4190,0,0,0,0,0,0
4191,0,0,0,0,0,0
4192,0,0,0,0,0,0
4193,0,0,0,0,0,0
4194,0,0,0,0,0,0
4195,0,0,0,0,0,0
4196,0,0,0,0,0,0
4197,0,0,0,0,0,0
4198,0,0,0,0,0,0
4199,0,0,0,0,0,0
4200,0,0,0,0,0,0
4201,0,0,0,0,0,0
4202,0,0,0,0,0,0
4203,0,0,0,0,0,0
4204,0,0,0,0,0,0
4205,0,0,0,0,0,0
4206,0,0,0,0,0,0
4207,0,0,0,0,0,0
4208,0,0,0,0,0,0
4209,0,0,0,0,0,0
4210,0,0,0,0,0,0
4211,0,0,0,0,0,0
4212,0,0,0,0,0,0
4213,0,0,0,0,0,0
4214,0,0,0,0,0,0
4215,0,0,0,0,0,0
4216,0,0,0,0,0,0
4217,0,0,0,0,0,0
4218,0,0,0,0,0,0
4219,0,0,0,0,0,0
4220,0,0,0,0,0,0
4221,0,0,0,0,0,0
4222,0,0,0,0,0,0
4223,0,0,0,0,0,0
4224,0,0,0,0,0,0
4225,0,0,0,0,0,0
4226,0,0,0,0,0,0
4227,0,0,0,0,0,0
4228,0,0,0,0,0,0
4229,0,0,0,0,0,0
4230,0,0,0,0,0,0
4231,0,0,0,0,0,0
4232,0,0,0,0,0,0
4233,0,0,0,0,0,0
4234,0,0,0,0,0,0
4235,0,0,0,0,0,0
4236,0,0,0,0,0,0
4237,0,0,0,0,0,0
4238,0,0,0,0,0,0
4239,0,0,0,0,0,0
4240,0,0,0,0,0,0
4241,0,0,0,0,0,0
4242,0,0,0,0,0,0
4243,0,0,0,0,0,0
4244,0,0,0,0,0,0
4245,0,0,0,0,0,0
4246,0,0,0,0,0,0
4247,0,0,0,0,0,0
4248,0,0,0,0,0,0
4249,0,0,0,0,0,0
4250,0,0,0,0,0,0
4251,0,0,0,0,0,0
4252,0,0,0,0,0,0
4253,0,0,0,0,0,0
4254,0,0,0,0,0,0
4255,0,0,0,0,0,0
4256,0,0,0,0,0,0
4257,0,0,0,0,0,0
4258,0,0,0,0,0,0
4259,0,0,0,0,0,0
4260,0,0,0,0,0,0
4261,0,0,0,0,0,0
4262,0,0,0,0,0,0
4263,0,0,0,0,0,0
4264,0,0,0,0,0,0
4265,0,0,0,0,0,0
4266,0,0,0,0,0,0
4267,0,0,0,0,0,0
4268,0,0,0,0,0,0
4269,0,0,0,0,0,0
4270,0,0,0,0,0,0
4271,0,0,0,0,0,0
4272,0,0,0,0,0,0
4273,0,0,0,0,0,0
4274,0,0,0,0,0,0
4275,0,0,0,0,0,0
4276,0,0,0,0,0,0
4277,0,0,0,0,0,0
4278,0,0,0,0,0,0
4279,0,0,0,0,0,0
4280,0,0,0,0,0,0
4281,0,0,0,0,0,0
4282,0,0,0,0,0,0
4283,0,0,0,0,0,0
4284,0,0,0,0,0,0
4285,0,0,0,0,0,0
4286,0,0,0,0,0,0
4287,0,0,0,0,0,0
4288,0,0,0,0,0,0
4289,0,0,0,0,0,0
4290,0,0,0,0,0,0
4291,0,0,0,0,0,0
4292,0,0,0,0,0,0
4293,0,0,0,0,0,0
4294,0,0,0,0,0,0
4295,0,0,0,0,0,0
4296,0,0,0,0,0,0
4297,0,0,0,0,0,0
4298,0,0,0,0,0,0
4299,0,0,0,0,0,0
4300,0,0,0,0,0,0
4301,0,0,0,0,0,0
4302,0,0,0,0,0,0
4303,0,0,0,0,0,0
4304,0,0,0,0,0,0
4305,0,0,0,0,0,0
4306,0,0,0,0,0,0
4307,0,0,0,0,0,0
4308,0,0,0,0,0,0
4309,0,0,0,0,0,0
4310,0,0,0,0,0,0
4311,0,0,0,0,0,0
4312,0,0,0,0,0,0
4313,0,0,0,0,0,0
4314,0,0,0,0,0,0
4315,0,0,0,0,0,0
4316,0,0,0,0,0,0
4317,0,0,0,0,0,0
4318,0,0,0,0,0,0
4319,0,0,0,0,0,0
4320,0,0,0,0,0,0
4321,0,0,0,0,0,0
4322,0,0,0,0,0,0
4323,0,0,0,0,0,0
4324,0,0,0,0,0,0
4325,0,0,0,0,0,0
4326,0,0,0,0,0,0
4327,0,0,0,0,0,0
4328,0,0,0,0,0,0
4329,0,0,0,0,0,0
4330,0,0,0,0,0,0
4331,0,0,0,0,0,0
4332,0,0,0,0,0,0
4333,0,0,0,0,0,0
4334,0,0,0,0,0,0
4335,0,0,0,0,0,0
4336,0,0,0,0,0,0
4337,0,0,0,0,0,0
4338,0,0,0,0,0,0
4339,0,0,0,0,0,0
4340,0,0,0,0,0,0
4341,0,0,0,0,0,0
4342,0,0,0,0,0,0
4343,0,0,0,0,0,0
4344,0,0,0,0,0,0
4345,0,0,0,0,0,0
4346,0,0,0,0,0,0
4347,0,0,0,0,0,0
4348,0,0,0,0,0,0
4349,0,0,0,0,0,0
4350,0,0,0,0,0,0
4351,0,0,0,0,0,0
4352,1,34,4,150994944,512,0
4353,2,21,2,134217728,493,0
4354,3,18,2,67108864,190,0
4355,4,5,3,369098752,182,0
4356,-1,-1,4294967295,0,1,1
4357,6,9,4,100663296,181,0
4358,7,8,3,469762048,21,0
4359,-1,-1,4294967295,0,3,1
4360,-1,-1,4294967295,0,18,1
4361,10,17,4,117440512,160,0
4362,11,14,3,486539264,49,0
4363,12,13,3,452984832,8,0
4364,-1,-1,4294967295,0,3,1
4365,-1,-1,4294967295,0,5,1
4366,15,16,3,503316480,41,0
4367,-1,-1,4294967295,0,8,1
4368,-1,-1,4294967295,0,33,1
4369,-1,-1,4294967295,0,111,1
4370,19,20,4,117440512,8,0
4371,-1,-1,4294967295,0,2,1
4372,-1,-1,4294967295,0,6,1
4373,22,25,1,234881024,303,0
4374,23,24,2,184549376,6,0
4375,-1,-1,4294967295,0,2,1
4376,-1,-1,4294967295,0,4,1
4377,26,29,2,268435456,297,0
4378,27,28,1,251658240,14,0
4379,-1,-1,4294967295,0,1,1
4380,-1,-1,4294967295,0,13,1
4381,30,33,3,218103808,283,0
4382,31,32,0,184549376,231,0
4383,-1,-1,4294967295,0,8,1
4384,-1,-1,4294967295,0,223,1
4385,-1,-1,4294967295,0,52,1
4386,35,36,3,385875968,19,0
4387,-1,-1,4294967295,0,2,1
4388,-1,-1,4294967295,0,17,1
4389,38,39,2,67108864,14,0
4390,-1,-1,4294967295,0,6,1
4391,-1,-1,4294967295,0,8,1
4392,41,50,2,318767104,285,0
4393,42,43,1,234881024,115,0
4394,-1,-1,4294967295,0,4,1
4395,44,47,0,218103808,111,0
4396,45,46,1,285212672,52,0
4397,-1,-1,4294967295,0,6,1
4398,-1,-1,4294967295,0,46,1
4399,48,49,1,285212672,59,0
4400,-1,-1,4294967295,0,43,1
4401,-1,-1,4294967295,0,16,1
4402,-1,-1,4294967295,0,170,1
4403,0,0,0,0,0,0
4404,0,0,0,0,0,0
4405,0,0,0,0,0,0
4406,0,0,0,0,0,0
4407,0,0,0,0,0,0
4408,0,0,0,0,0,0
4409,0,0,0,0,0,0
4410,0,0,0,0,0,0
4411,0,0,0,0,0,0
4412,0,0,0,0,0,0
4413,0,0,0,0,0,0
4414,0,0,0,0,0,0
4415,0,0,0,0,0,0
4416,0,0,0,0,0,0
4417,0,0,0,0,0,0
4418,0,0,0,0,0,0
4419,0,0,0,0,0,0
4420,0,0,0,0,0,0
4421,0,0,0,0,0,0
4422,0,0,0,0,0,0
4423,0,0,0,0,0,0
4424,0,0,0,0,0,0
4425,0,0,0,0,0,0
4426,0,0,0,0,0,0
4427,0,0,0,0,0,0
4428,0,0,0,0,0,0
4429,0,0,0,0,0,0
4430,0,0,0,0,0,0
4431,0,0,0,0,0,0
4432,0,0,0,0,0,0
4433,0,0,0,0,0,0
4434,0,0,0,0,0,0
4435,0,0,0,0,0,0
4436,0,0,0,0,0,0
4437,0,0,0,0,0,0
4438,0,0,0,0,0,0
4439,0,0,0,0,0,0
4440,0,0,0,0,0,0
4441,0,0,0,0,0,0
4442,0,0,0,0,0,0
4443,0,0,0,0,0,0
4444,0,0,0,0,0,0
4445,0,0,0,0,0,0
4446,0,0,0,0,0,0
4447,0,0,0,0,0,0
4448,0,0,0,0,0,0
4449,0,0,0,0,0,0
4450,0,0,0,0,0,0
4451,0,0,0,0,0,0
4452,0,0,0,0,0,0
4453,0,0,0,0,0,0
4454,0,0,0,0,0,0
4455,0,0,0,0,0,0
4456,0,0,0,0,0,0
4457,0,0,0,0,0,0
4458,0,0,0,0,0,0
4459,0,0,0,0,0,0
4460,0,0,0,0,0,0
4461,0,0,0,0,0,0
4462,0,0,0,0,0,0
4463,0,0,0,0,0,0
4464,0,0,0,0,0,0
4465,0,0,0,0,0,0
4466,0,0,0,0,0,0
4467,0,0,0,0,0,0
4468,0,0,0,0,0,0
4469,0,0,0,0,0,0
4470,0,0,0,0,0,0
4471,0,0,0,0,0,0
4472,0,0,0,0,0,0
4473,0,0,0,0,0,0
4474,0,0,0,0,0,0
4475,0,0,0,0,0,0
4476,0,0,0,0,0,0
4477,0,0,0,0,0,0
4478,0,0,0,0,0,0
4479,0,0,0,0,0,0
4480,0,0,0,0,0,0
4481,0,0,0,0,0,0
4482,0,0,0,0,0,0
4483,0,0,0,0,0,0
4484,0,0,0,0,0,0
4485,0,0,0,0,0,0
4486,0,0,0,0,0,0
4487,0,0,0,0,0,0
4488,0,0,0,0,0,0
4489,0,0,0,0,0,0
4490,0,0,0,0,0,0
4491,0,0,0,0,0,0
4492,0,0,0,0,0,0
4493,0,0,0,0,0,0
4494,0,0,0,0,0,0
4495,0,0,0,0,0,0
4496,0,0,0,0,0,0
4497,0,0,0,0,0,0
4498,0,0,0,0,0,0
4499,0,0,0,0,0,0
4500,0,0,0,0,0,0
4501,0,0,0,0,0,0
4502,0,0,0,0,0,0
4503,0,0,0,0,0,0
4504,0,0,0,0,0,0
4505,0,0,0,0,0,0
4506,0,0,0,0,0,0
4507,0,0,0,0,0,0
4508,0,0,0,0,0,0
4509,0,0,0,0,0,0
4510,0,0,0,0,0,0
4511,0,0,0,0,0,0
4512,0,0,0,0,0,0
4513,0,0,0,0,0,0
4514,0,0,0,0,0,0
4515,0,0,0,0,0,0
4516,0,0,0,0,0,0
4517,0,0,0,0,0,0
4518,0,0,0,0,0,0
4519,0,0,0,0,0,0
4520,0,0,0,0,0,0
4521,0,0,0,0,0,0
4522,0,0,0,0,0,0
4523,0,0,0,0,0,0
4524,0,0,0,0,0,0
4525,0,0,0,0,0,0
4526,0,0,0,0,0,0
4527,0,0,0,0,0,0
4528,0,0,0,0,0,0
4529,0,0,0,0,0,0
4530,0,0,0,0,0,0
4531,0,0,0,0,0,0
4532,0,0,0,0,0,0
4533,0,0,0,0,0,0
4534,0,0,0,0,0,0
4535,0,0,0,0,0,0
4536,0,0,0,0,0,0
4537,0,0,0,0,0,0
4538,0,0,0,0,0,0
4539,0,0,0,0,0,0
4540,0,0,0,0,0,0
4541,0,0,0,0,0,0
4542,0,0,0,0,0,0
4543,0,0,0,0,0,0
4544,0,0,0,0,0,0
4545,0,0,0,0,0,0
4546,0,0,0,0,0,0
4547,0,0,0,0,0,0
4548,0,0,0,0,0,0
4549,0,0,0,0,0,0
4550,0,0,0,0,0,0
4551,0,0,0,0,0,0
4552,0,0,0,0,0,0
4553,0,0,0,0,0,0
4554,0,0,0,0,0,0
4555,0,0,0,0,0,0
4556,0,0,0,0,0,0
4557,0,0,0,0,0,0
4558,0,0,0,0,0,0
4559,0,0,0,0,0,0
4560,0,0,0,0,0,0
4561,0,0,0,0,0,0
4562,0,0,0,0,0,0
4563,0,0,0,0,0,0
4564,0,0,0,0,0,0
4565,0,0,0,0,0,0
4566,0,0,0,0,0,0
4567,0,0,0,0,0,0
4568,0,0,0,0,0,0
4569,0,0,0,0,0,0
4570,0,0,0,0,0,0
4571,0,0,0,0,0,0
4572,0,0,0,0,0,0
4573,0,0,0,0,0,0
4574,0,0,0,0,0,0
4575,0,0,0,0,0,0
4576,0,0,0,0,0,0
4577,0,0,0,0,0,0
4578,0,0,0,0,0,0
4579,0,0,0,0,0,0
4580,0,0,0,0,0,0
4581,0,0,0,0,0,0
4582,0,0,0,0,0,0
4583,0,0,0,0,0,0
4584,0,0,0,0,0,0
4585,0,0,0,0,0,0
4586,0,0,0,0,0,0
4587,0,0,0,0,0,0
4588,0,0,0,0,0,0
4589,0,0,0,0,0,0
4590,0,0,0,0,0,0
4591,0,0,0,0,0,0
4592,0,0,0,0,0,0
4593,0,0,0,0,0,0
4594,0,0,0,0,0,0
4595,0,0,0,0,0,0
4596,0,0,0,0,0,0
4597,0,0,0,0,0,0
4598,0,0,0,0,0,0
4599,0,0,0,0,0,0
4600,0,0,0,0,0,0
4601,0,0,0,0,0,0
4602,0,0,0,0,0,0
4603,0,0,0,0,0,0
4604,0,0,0,0,0,0
4605,0,0,0,0,0,0
4606,0,0,0,0,0,0
4607,0,0,0,0,0,0
4608,1,24,4,117440512,512,0
4609,2,5,0,218103808,368,0
4610,3,4,3,184549376,224,0
4611,-1,-1,4294967295,0,9,1
4612,-1,-1,4294967295,0,215,1
4613,6,7,0,251658240,144,0
4614,-1,-1,4294967295,0,47,1
4615,8,17,1,50331648,97,0
4616,9,12,3,452984832,85,0
4617,10,11,2,16777216,7,0
4618,-1,-1,4294967295,0,3,1
4619,-1,-1,4294967295,0,4,1
4620,13,16,0,654311424,78,0
4621,14,15,0,587202560,72,0
4622,-1,-1,4294967295,0,34,1
4623,-1,-1,4294967295,0,38,1
4624,-1,-1,4294967295,0,6,1
4625,18,19,3,352321536,12,0
4626,-1,-1,4294967295,0,7,1
4627,20,23,0,436207616,5,0
4628,21,22,3,369098752,2,0
4629,-1,-1,4294967295,0,1,1
4630,-1,-1,4294967295,0,1,1
4631,-1,-1,4294967295,0,3,1
4632,25,38,2,285212672,144,0
4633,26,29,4,134217728,140,0
4634,27,28,0,452984832,77,0
4635,-1,-1,4294967295,0,6,1
4636,-1,-1,4294967295,0,71,1
4637,30,35,1,16777216,63,0
4638,31,32,2,16777216,57,0
4639,-1,-1,4294967295,0,53,1
4640,33,34,2,67108864,4,0
4641,-1,-1,4294967295,0,3,1
4642,-1,-1,4294967295,0,1,1
4643,36,37,3,385875968,6,0
4644,-1,-1,4294967295,0,4,1
4645,-1,-1,4294967295,0,2,1
4646,-1,-1,4294967295,0,4,1
4647,40,45,2,67108864,7,0
4648,41,42,0,469762048,6,0
4649,-1,-1,4294967295,0,1,1
4650,43,44,2,33554432,5,0
4651,-1,-1,4294967295,0,4,1
4652,-1,-1,4294967295,0,1,1
4653,-1,-1,4294967295,0,1,1
4654,47,48,0,620756992,47,0
4655,-1,-1,4294967295,0,23,1
4656,-1,-1,4294967295,0,24,1
4657,0,0,0,0,0,0
4658,0,0,0,0,0,0
4659,0,0,0,0,0,0
4660,0,0,0,0,0,0
4661,0,0,0,0,0,0
4662,0,0,0,0,0,0
4663,0,0,0,0,0,0
4664,0,0,0,0,0,0
4665,0,0,0,0,0,0
4666,0,0,0,0,0,0
4667,0,0,0,0,0,0
4668,0,0,0,0,0,0
4669,0,0,0,0,0,0
4670,0,0,0,0,0,0
4671,0,0,0,0,0,0
4672,0,0,0,0,0,0
4673,0,0,0,0,0,0
4674,0,0,0,0,0,0
4675,0,0,0,0,0,0
4676,0,0,0,0,0,0
4677,0,0,0,0,0,0
4678,0,0,0,0,0,0
4679,0,0,0,0,0,0
4680,0,0,0,0,0,0
4681,0,0,0,0,0,0
4682,0,0,0,0,0,0
4683,0,0,0,0,0,0
4684,0,0,0,0,0,0
4685,0,0,0,0,0,0
4686,0,0,0,0,0,0
4687,0,0,0,0,0,0
4688,0,0,0,0,0,0
4689,0,0,0,0,0,0
4690,0,0,0,0,0,0
4691,0,0,0,0,0,0
4692,0,0,0,0,0,0
4693,0,0,0,0,0,0
4694,0,0,0,0,0,0
4695,0,0,0,0,0,0
4696,0,0,0,0,0,0
4697,0,0,0,0,0,0
4698,0,0,0,0,0,0
4699,0,0,0,0,0,0
4700,0,0,0,0,0,0
4701,0,0,0,0,0,0
4702,0,0,0,0,0,0
4703,0,0,0,0,0,0
4704,0,0,0,0,0,0
4705,0,0,0,0,0,0
4706,0,0,0,0,0,0
4707,0,0,0,0,0,0
4708,0,0,0,0,0,0
4709,0,0,0,0,0,0
4710,0,0,0,0,0,0
4711,0,0,0,0,0,0
4712,0,0,0,0,0,0
4713,0,0,0,0,0,0
4714,0,0,0,0,0,0
4715,0,0,0,0,0,0
4716,0,0,0,0,0,0
4717,0,0,0,0,0,0
4718,0,0,0,0,0,0
4719,0,0,0,0,0,0
4720,0,0,0,0,0,0
4721,0,0,0,0,0,0
4722,0,0,0,0,0,0
4723,0,0,0,0,0,0
4724,0,0,0,0,0,0
4725,0,0,0,0,0,0
4726,0,0,0,0,0,0
4727,0,0,0,0,0,0
4728,0,0,0,0,0,0
4729,0,0,0,0,0,0
4730,0,0,0,0,0,0
4731,0,0,0,0,0,0
4732,0,0,0,0,0,0
4733,0,0,0,0,0,0
4734,0,0,0,0,0,0
4735,0,0,0,0,0,0
4736,0,0,0,0,0,0
4737,0,0,0,0,0,0
4738,0,0,0,0,0,0
4739,0,0,0,0,0,0
4740,0,0,0,0,0,0
4741,0,0,0,0,0,0
4742,0,0,0,0,0,0
4743,0,0,0,0,0,0
4744,0,0,0,0,0,0
4745,0,0,0,0,0,0
4746,0,0,0,0,0,0
4747,0,0,0,0,0,0
4748,0,0,0,0,0,0
4749,0,0,0,0,0,0
4750,0,0,0,0,0,0
4751,0,0,0,0,0,0
4752,0,0,0,0,0,0
4753,0,0,0,0,0,0
4754,0,0,0,0,0,0
4755,0,0,0,0,0,0
4756,0,0,0,0,0,0
4757,0,0,0,0,0,0
4758,0,0,0,0,0,0
4759,0,0,0,0,0,0
4760,0,0,0,0,0,0
4761,0,0,0,0,0,0
4762,0,0,0,0,0,0
4763,0,0,0,0,0,0
4764,0,0,0,0,0,0
4765,0,0,0,0,0,0
4766,0,0,0,0,0,0
4767,0,0,0,0,0,0
4768,0,0,0,0,0,0
4769,0,0,0,0,0,0
4770,0,0,0,0,0,0
4771,0,0,0,0,0,0
4772,0,0,0,0,0,0
4773,0,0,0,0,0,0
4774,0,0,0,0,0,0
4775,0,0,0,0,0,0
4776,0,0,0,0,0,0
4777,0,0,0,0,0,0
4778,0,0,0,0,0,0
4779,0,0,0,0,0,0
4780,0,0,0,0,0,0
4781,0,0,0,0,0,0
4782,0,0,0,0,0,0
4783,0,0,0,0,0,0
4784,0,0,0,0,0,0
4785,0,0,0,0,0,0
4786,0,0,0,0,0,0
4787,0,0,0,0,0,0
4788,0,0,0,0,0,0
4789,0,0,0,0,0,0
4790,0,0,0,0,0,0
4791,0,0,0,0,0,0
4792,0,0,0,0,0,0
4793,0,0,0,0,0,0
4794,0,0,0,0,0,0
4795,0,0,0,0,0,0
4796,0,0,0,0,0,0
4797,0,0,0,0,0,0
4798,0,0,0,0,0,0
4799,0,0,0,0,0,0
4800,0,0,0,0,0,0
4801,0,0,0,0,0,0
4802,0,0,0,0,0,0
4803,0,0,0,0,0,0
4804,0,0,0,0,0,0
4805,0,0,0,0,0,0
4806,0,0,0,0,0,0
4807,0,0,0,0,0,0
4808,0,0,0,0,0,0
4809,0,0,0,0,0,0
4810,0,0,0,0,0,0
4811,0,0,0,0,0,0
4812,0,0,0,0,0,0
4813,0,0,0,0,0,0
4814,0,0,0,0,0,0
4815,0,0,0,0,0,0
4816,0,0,0,0,0,0
4817,0,0,0,0,0,0
4818,0,0,0,0,0,0
4819,0,0,0,0,0,0
4820,0,0,0,0,0,0
4821,0,0,0,0,0,0
4822,0,0,0,0,0,0
4823,0,0,0,0,0,0
4824,0,0,0,0,0,0
4825,0,0,0,0,0,0
4826,0,0,0,0,0,0
4827,0,0,0,0,0,0
4828,0,0,0,0,0,0
4829,0,0,0,0,0,0
4830,0,0,0,0,0,0
4831,0,0,0,0,0,0
4832,0,0,0,0,0,0
4833,0,0,0,0,0,0
4834,0,0,0,0,0,0
4835,0,0,0,0,0,0
4836,0,0,0,0,0,0
4837,0,0,0,0,0,0
4838,0,0,0,0,0,0
4839,0,0,0,0,0,0
4840,0,0,0,0,0,0
4841,0,0,0,0,0,0
4842,0,0,0,0,0,0
4843,0,0,0,0,0,0
4844,0,0,0,0,0,0
4845,0,0,0,0,0,0
4846,0,0,0,0,0,0
4847,0,0,0,0,0,0
4848,0,0,0,0,0,0
4849,0,0,0,0,0,0
4850,0,0,0,0,0,0
4851,0,0,0,0,0,0
4852,0,0,0,0,0,0
4853,0,0,0,0,0,0
4854,0,0,0,0,0,0
4855,0,0,0,0,0,0
4856,0,0,0,0,0,0
4857,0,0,0,0,0,0
4858,0,0,0,0,0,0
4859,0,0,0,0,0,0
4860,0,0,0,0,0,0
4861,0,0,0,0,0,0
4862,0,0,0,0,0,0
4863,0,0,0,0,0,0
4864,1,14,1,100663296,512,0
4865,2,5,0,469762048,210,0
4866,3,4,0,436207616,16,0
4867,-1,-1,4294967295,0,1,1
4868,-1,-1,4294967295,0,15,1
4869,6,7,1,16777216,194,0
4870,-1,-1,4294967295,0,180,1
4871,8,13,0,486539264,14,0
4872,9,10,3,419430400,6,0
4873,-1,-1,4294967295,0,2,1
4874,11,12,4,100663296,4,0
4875,-1,-1,4294967295,0,3,1
4876,-1,-1,4294967295,0,1,1
4877,-1,-1,4294967295,0,8,1
4878,15,18,3,218103808,302,0
4879,16,17,1,268435456,237,0
4880,-1,-1,4294967295,0,4,1
4881,-1,-1,4294967295,0,233,1
4882,19,22,1,285212672,65,0
4883,20,21,0,234881024,47,0
4884,-1,-1,4294967295,0,9,1
4885,-1,-1,4294967295,0,38,1
4886,-1,-1,4294967295,0,18,1
4887,24,25,0,486539264,26,0
4888,-1,-1,4294967295,0,5,1
4889,-1,-1,4294967295,0,21,1
4890,-1,-1,4294967295,0,24,1
4891,-1,-1,4294967295,0,7,1
4892,-1,-1,4294967295,0,4,1
4893,0,0,0,0,0,0
4894,0,0,0,0,0,0
4895,0,0,0,0,0,0
4896,0,0,0,0,0,0
4897,0,0,0,0,0,0
4898,0,0,0,0,0,0
4899,0,0,0,0,0,0
4900,0,0,0,0,0,0
4901,0,0,0,0,0,0
4902,0,0,0,0,0,0
4903,0,0,0,0,0,0
4904,0,0,0,0,0,0
4905,0,0,0,0,0,0
4906,0,0,0,0,0,0
4907,0,0,0,0,0,0
4908,0,0,0,0,0,0
4909,0,0,0,0,0,0
4910,0,0,0,0,0,0
4911,0,0,0,0,0,0
4912,0,0,0,0,0,0
4913,0,0,0,0,0,0
4914,0,0,0,0,0,0
4915,0,0,0,0,0,0
4916,0,0,0,0,0,0
4917,0,0,0,0,0,0
4918,0,0,0,0,0,0
4919,0,0,0,0,0,0
4920,0,0,0,0,0,0
4921,0,0,0,0,0,0
4922,0,0,0,0,0,0
4923,0,0,0,0,0,0
4924,0,0,0,0,0,0
4925,0,0,0,0,0,0
4926,0,0,0,0,0,0
4927,0,0,0,0,0,0
4928,0,0,0,0,0,0
4929,0,0,0,0,0,0
4930,0,0,0,0,0,0
4931,0,0,0,0,0,0
4932,0,0,0,0,0,0
4933,0,0,0,0,0,0
4934,0,0,0,0,0,0
4935,0,0,0,0,0,0
4936,0,0,0,0,0,0
4937,0,0,0,0,0,0
4938,0,0,0,0,0,0
4939,0,0,0,0,0,0
4940,0,0,0,0,0,0
4941,0,0,0,0,0,0
4942,0,0,0,0,0,0
4943,0,0,0,0,0,0
4944,0,0,0,0,0,0
4945,0,0,0,0,0,0
4946,0,0,0,0,0,0
4947,0,0,0,0,0,0
4948,0,0,0,0,0,0
4949,0,0,0,0,0,0
4950,0,0,0,0,0,0
4951,0,0,0,0,0,0
4952,0,0,0,0,0,0
4953,0,0,0,0,0,0
4954,0,0,0,0,0,0
4955,0,0,0,0,0,0
4956,0,0,0,0,0,0
4957,0,0,0,0,0,0
4958,0,0,0,0,0,0
4959,0,0,0,0,0,0
4960,0,0,0,0,0,0
4961,0,0,0,0,0,0
4962,0,0,0,0,0,0
4963,0,0,0,0,0,0
4964,0,0,0,0,0,0
4965,0,0,0,0,0,0
4966,0,0,0,0,0,0
4967,0,0,0,0,0,0
4968,0,0,0,0,0,0
4969,0,0,0,0,0,0
4970,0,0,0,0,0,0
4971,0,0,0,0,0,0
4972,0,0,0,0,0,0
4973,0,0,0,0,0,0
4974,0,0,0,0,0,0
4975,0,0,0,0,0,0
4976,0,0,0,0,0,0
4977,0,0,0,0,0,0
4978,0,0,0,0,0,0
4979,0,0,0,0,0,0
4980,0,0,0,0,0,0
4981,0,0,0,0,0,0
4982,0,0,0,0,0,0
4983,0,0,0,0,0,0
4984,0,0,0,0,0,0
4985,0,0,0,0,0,0
4986,0,0,0,0,0,0
4987,0,0,0,0,0,0
4988,0,0,0,0,0,0
4989,0,0,0,0,0,0
4990,0,0,0,0,0,0
4991,0,0,0,0,0,0
4992,0,0,0,0,0,0
4993,0,0,0,0,0,0
4994,0,0,0,0,0,0
4995,0,0,0,0,0,0
4996,0,0,0,0,0,0
4997,0,0,0,0,0,0
4998,0,0,0,0,0,0
4999,0,0,0,0,0,0
5000,0,0,0,0,0,0
5001,0,0,0,0,0,0
5002,0,0,0,0,0,0
5003,0,0,0,0,0,0
5004,0,0,0,0,0,0
5005,0,0,0,0,0,0
5006,0,0,0,0,0,0
5007,0,0,0,0,0,0
5008,0,0,0,0,0,0
5009,0,0,0,0,0,0
5010,0,0,0,0,0,0
5011,0,0,0,0,0,0
5012,0,0,0,0,0,0
5013,0,0,0,0,0,0
5014,0,0,0,0,0,0
5015,0,0,0,0,0,0
5016,0,0,0,0,0,0
5017,0,0,0,0,0,0
5018,0,0,0,0,0,0
5019,0,0,0,0,0,0
5020,0,0,0,0,0,0
5021,0,0,0,0,0,0
5022,0,0,0,0,0,0
5023,0,0,0,0,0,0
5024,0,0,0,0,0,0
5025,0,0,0,0,0,0
5026,0,0,0,0,0,0
5027,0,0,0,0,0,0
5028,0,0,0,0,0,0
5029,0,0,0,0,0,0
5030,0,0,0,0,0,0
5031,0,0,0,0,0,0
5032,0,0,0,0,0,0
5033,0,0,0,0,0,0
5034,0,0,0,0,0,0
5035,0,0,0,0,0,0
5036,0,0,0,0,0,0
5037,0,0,0,0,0,0
5038,0,0,0,0,0,0
5039,0,0,0,0,0,0
5040,0,0,0,0,0,0
5041,0,0,0,0,0,0
5042,0,0,0,0,0,0
5043,0,0,0,0,0,0
5044,0,0,0,0,0,0
5045,0,0,0,0,0,0
5046,0,0,0,0,0,0
5047,0,0,0,0,0,0
5048,0,0,0,0,0,0
5049,0,0,0,0,0,0
5050,0,0,0,0,0,0
5051,0,0,0,0,0,0
5052,0,0,0,0,0,0
5053,0,0,0,0,0,0
5054,0,0,0,0,0,0
5055,0,0,0,0,0,0
5056,0,0,0,0,0,0
5057,0,0,0,0,0,0
5058,0,0,0,0,0,0
5059,0,0,0,0,0,0
5060,0,0,0,0,0,0
5061,0,0,0,0,0,0
5062,0,0,0,0,0,0
5063,0,0,0,0,0,0
5064,0,0,0,0,0,0
5065,0,0,0,0,0,0
5066,0,0,0,0,0,0
5067,0,0,0,0,0,0
5068,0,0,0,0,0,0
5069,0,0,0,0,0,0
5070,0,0,0,0,0,0
5071,0,0,0,0,0,0
5072,0,0,0,0,0,0
5073,0,0,0,0,0,0
5074,0,0,0,0,0,0
5075,0,0,0,0,0,0
5076,0,0,0,0,0,0
5077,0,0,0,0,0,0
5078,0,0,0,0,0,0
5079,0,0,0,0,0,0
5080,0,0,0,0,0,0
5081,0,0,0,0,0,0
5082,0,0,0,0,0,0
5083,0,0,0,0,0,0
5084,0,0,0,0,0,0
5085,0,0,0,0,0,0
5086,0,0,0,0,0,0
5087,0,0,0,0,0,0
5088,0,0,0,0,0,0
5089,0,0,0,0,0,0
5090,0,0,0,0,0,0
5091,0,0,0,0,0,0
5092,0,0,0,0,0,0
5093,0,0,0,0,0,0
5094,0,0,0,0,0,0
5095,0,0,0,0,0,0
5096,0,0,0,0,0,0
5097,0,0,0,0,0,0
5098,0,0,0,0,0,0
5099,0,0,0,0,0,0
5100,0,0,0,0,0,0
5101,0,0,0,0,0,0
5102,0,0,0,0,0,0
5103,0,0,0,0,0,0
5104,0,0,0,0,0,0
5105,0,0,0,0,0,0
5106,0,0,0,0,0,0
5107,0,0,0,0,0,0
5108,0,0,0,0,0,0
5109,0,0,0,0,0,0
5110,0,0,0,0,0,0
5111,0,0,0,0,0,0
5112,0,0,0,0,0,0
5113,0,0,0,0,0,0
5114,0,0,0,0,0,0
5115,0,0,0,0,0,0
5116,0,0,0,0,0,0
5117,0,0,0,0,0,0
5118,0,0,0,0,0,0
5119,0,0,0,0,0,0
